Account,Post Type,Media ID,Caption,Date,Location,Post URL,Type Name,Media Count,Caption Hashtags,Caption Mentions,Likes,Comments,Title,URL
stoopingnyc,post,3209801032967881617,"For the morning after the snacks the night before‚Ä¶Outside 251 W 19th street--sign says ""free not broken"" #stoopingnyc",2023-10-09 13:28:42,None,https://www.instagram.com/p/CyLgQiBu4OR,GraphImage,1,['stoopingnyc'],[],93,1,,https://scontent-lga3-1.cdninstagram.com/v/t51.2885-15/387266903_635298385430780_8541672970765878101_n.jpg?stp=dst-jpg_e35&_nc_ht=scontent-lga3-1.cdninstagram.com&_nc_cat=108&_nc_ohc=HNqxaoOTg4IAX9CPwf9&edm=AOQ1c0wBAAAA&ccb=7-5&ig_cache_key=MzIwOTgwMTAzMjk2Nzg4MTYxNw%3D%3D.2-ccb7-5&oh=00_AfDMZA7lZY50Fln5lVGRE402YYot7CsRSyMr8O3r5GuZZw&oe=6528AE0E&_nc_sid=8b3546
stoopingnyc,post,3209800497480987582,@lewishamilton ‚Ä¶this stoop‚Äôs for you! 70 lenox rd Brooklyn #stoopingbrooklyn,2023-10-09 13:27:38,None,https://www.instagram.com/p/CyLgIvUOfO-,GraphImage,1,['stoopingbrooklyn'],['lewishamilton'],132,6,,https://scontent-lga3-1.cdninstagram.com/v/t51.2885-15/386925593_854785809609250_6114033259838343825_n.jpg?stp=dst-jpg_e35&_nc_ht=scontent-lga3-1.cdninstagram.com&_nc_cat=110&_nc_ohc=946mv18u8vcAX8sgvz5&edm=AOQ1c0wBAAAA&ccb=7-5&ig_cache_key=MzIwOTgwMDQ5NzQ4MDk4NzU4Mg%3D%3D.2-ccb7-5&oh=00_AfDm-JVeixexefGLZnh_h-aNc8BbDJ6-qqOrzSVfX87mlA&oe=65299B70&_nc_sid=8b3546
stoopingnyc,post,3209262328717135979,What MCM dreams are made of‚Ä¶on 8th between Carroll and president #stoopingbrooklyn,2023-10-08 19:38:23,None,https://www.instagram.com/p/CyJlxWmOlBr,GraphImage,1,['stoopingbrooklyn'],[],3609,58,,https://scontent-lga3-1.cdninstagram.com/v/t51.2885-15/387666948_264645072654075_5307600750895135091_n.jpg?stp=dst-jpg_e35&_nc_ht=scontent-lga3-1.cdninstagram.com&_nc_cat=103&_nc_ohc=yLL-RiNBph8AX8p3mJ3&edm=AOQ1c0wBAAAA&ccb=7-5&ig_cache_key=MzIwOTI2MjMyODcxNzEzNTk3OQ%3D%3D.2-ccb7-5&oh=00_AfBKhBUUBfrOH3yPN7Uz-48PjgxoQK53GXakNg4NUQe_0w&oe=65292E83&_nc_sid=8b3546
stoopingnyc,post,3209261247677128388,For introverts that still want to drink üçπ  bring the bar home with you‚Ä¶On Hampton place and sterling pl in crown heights #stoopingbrooklyn,2023-10-08 19:36:15,None,https://www.instagram.com/p/CyJlhnzON7E,GraphImage,1,['stoopingbrooklyn'],[],173,4,,https://scontent-lga3-2.cdninstagram.com/v/t51.2885-15/387269192_219847910906796_1201697695237375494_n.jpg?stp=dst-jpg_e35&_nc_ht=scontent-lga3-2.cdninstagram.com&_nc_cat=100&_nc_ohc=NsGIMbG8yQgAX-y2PUN&edm=AOQ1c0wBAAAA&ccb=7-5&ig_cache_key=MzIwOTI2MTI0NzY3NzEyODM4OA%3D%3D.2-ccb7-5&oh=00_AfDozgo8JWWGfQ7q0_-RshqOD7Q_Lw9QxVcvmLABkf9ijA&oe=6529BC75&_nc_sid=8b3546
stoopingnyc,post,3209260426096886130,Does alternate side parking still apply? Van brunt & commerce #stooping,2023-10-08 19:34:37,None,https://www.instagram.com/p/CyJlVqpOUFy,GraphImage,1,['stooping'],[],214,4,,https://scontent-lga3-2.cdninstagram.com/v/t51.2885-15/387267809_673252401447829_7574684171075557217_n.jpg?stp=dst-jpg_e35&_nc_ht=scontent-lga3-2.cdninstagram.com&_nc_cat=101&_nc_ohc=uPG0lEDfkpEAX-ejjQ7&edm=AOQ1c0wBAAAA&ccb=7-5&ig_cache_key=MzIwOTI2MDQyNjA5Njg4NjEzMA%3D%3D.2-ccb7-5&oh=00_AfBfz23027HCi2gVkwiyUCAnaVgvciqeyr6WruvbgUt3RA&oe=652832BF&_nc_sid=8b3546
stoopingnyc,post,3209197124226532133,Another stooper caption! ‚ÄúFor those going for that Louis XV look. üëë ‚Äú. 1450 dean street. #stoopingbrooklyn,2023-10-08 17:28:50,None,https://www.instagram.com/p/CyJW8gLukMl,GraphImage,1,['stoopingbrooklyn'],[],648,10,,https://scontent-lga3-1.cdninstagram.com/v/t51.2885-15/387265968_247908527838526_2189057509111857300_n.jpg?stp=dst-jpg_e35&_nc_ht=scontent-lga3-1.cdninstagram.com&_nc_cat=110&_nc_ohc=euZeACLI0A0AX9yOZVb&edm=AOQ1c0wBAAAA&ccb=7-5&ig_cache_key=MzIwOTE5NzEyNDIyNjUzMjEzMw%3D%3D.2-ccb7-5&oh=00_AfCvWgwEw5RgpXMm54zp465fA2NpgL-J__3FZ8tGhFY0MA&oe=6529C52F&_nc_sid=8b3546
stoopingnyc,post,3209187444267707680,Stooper caption! ‚ÄúOh my gourd!‚Äù üòÇ. Outside Trader Joe‚Äôs on 21st and 6th. #stooping,2023-10-08 17:09:37,None,https://www.instagram.com/p/CyJUvpBOG0g,GraphImage,1,['stooping'],[],662,15,,https://scontent-lga3-2.cdninstagram.com/v/t51.2885-15/387271312_7033730963303844_6450735317214550781_n.jpg?stp=dst-jpg_e35_p1080x1080&_nc_ht=scontent-lga3-2.cdninstagram.com&_nc_cat=100&_nc_ohc=in1Dc-0UufAAX8cXbQs&edm=AOQ1c0wBAAAA&ccb=7-5&ig_cache_key=MzIwOTE4NzQ0NDI2NzcwNzY4MA%3D%3D.2-ccb7-5&oh=00_AfCcuiDWjZdhloNOkTIAe33EM9RYQJScsjMi9RrT3uzqUA&oe=652A0B4E&_nc_sid=8b3546
stoopingnyc,post,3209140827322025555,Our first jet pack‚Ä¶which means CAPTION CONTEST!! 5th Ave - between 2nd and 3rd - park slope #stoopingbrooklyn,2023-10-08 15:36:59,None,https://www.instagram.com/p/CyJKJRmu4ZT,GraphImage,1,['stoopingbrooklyn'],[],3867,126,,https://scontent-lga3-2.cdninstagram.com/v/t51.2885-15/387649012_354249160366608_5736303195471472526_n.jpg?stp=dst-jpg_e35_s1080x1080&_nc_ht=scontent-lga3-2.cdninstagram.com&_nc_cat=100&_nc_ohc=wtrFG3Cjw-UAX8evBsu&edm=AOQ1c0wBAAAA&ccb=7-5&ig_cache_key=MzIwOTE0MDgyNzMyMjAyNTU1NQ%3D%3D.2-ccb7-5&oh=00_AfAgbkVOp_TqXfhgbocqHp_-Z3yWRZLmvzu_74Jyx5Yogw&oe=6528BCC1&_nc_sid=8b3546
stoopingnyc,post,3209131155969957658,"Beautiful big ceramic bowls, a stool and of course space water balls. 123 Sherman in Windsor terrace. #stoopingbrooklyn",2023-10-08 15:18:30,None,https://www.instagram.com/p/CyJH8idOl8a,GraphVideo,1,['stoopingbrooklyn'],[],153,1,,https://scontent-lga3-2.cdninstagram.com/v/t51.2885-15/386955683_251759570725108_8467992575101908402_n.jpg?stp=dst-jpg_e15_fr_p1080x1080&_nc_ht=scontent-lga3-2.cdninstagram.com&_nc_cat=104&_nc_ohc=UNKrvFO3ATwAX87hkpz&edm=AOQ1c0wBAAAA&ccb=7-5&oh=00_AfAKOt9-XzDMNTcFxJX-C1CYlCK05WRq9Payzxno7opAbQ&oe=65262EEB&_nc_sid=8b3546
stoopingnyc,post,3209107264878716698,Now you can even drink alone at home‚Ä¶On Hampton place and sterling pl in crown heights #stoopingbrooklyn,2023-10-08 14:30:18,None,https://www.instagram.com/p/CyJCg4JOKca,GraphImage,1,['stoopingbrooklyn'],[],601,14,,https://scontent-lga3-2.cdninstagram.com/v/t51.2885-15/386936745_679838927185188_1207525309462262289_n.jpg?stp=dst-jpg_e35_p1080x1080&_nc_ht=scontent-lga3-2.cdninstagram.com&_nc_cat=100&_nc_ohc=_sxlCWKw5ooAX-8kJ83&edm=AOQ1c0wBAAAA&ccb=7-5&ig_cache_key=MzIwOTEwNzI2NDg3ODcxNjY5OA%3D%3D.2-ccb7-5&oh=00_AfBeWdTyQf-qPvk5kPLnjo8kEcnP2UgcO_EwkkocvM6ntw&oe=65284018&_nc_sid=8b3546
stoopingnyc,post,3208617460659436165,Looks like the G/F stop on Hoyt-schndnwndnenxndn (not even going to try to spell it!). #stoopingbrooklyn,2023-10-07 22:17:09,None,https://www.instagram.com/p/CyHTJSauLqF,GraphImage,1,['stoopingbrooklyn'],[],2838,102,,https://scontent-lga3-2.cdninstagram.com/v/t51.2885-15/387265116_1013035893174144_2202484811997927439_n.jpg?stp=dst-jpg_e35&_nc_ht=scontent-lga3-2.cdninstagram.com&_nc_cat=100&_nc_ohc=CyL3D4LVNeAAX_Yq9Va&edm=AOQ1c0wBAAAA&ccb=7-5&ig_cache_key=MzIwODYxNzQ2MDY1OTQzNjE2NQ%3D%3D.2-ccb7-5&oh=00_AfAyqL_YQttJwRzn3_d9nzc7stD0R_kpt_cNHRLQIBcDyw&oe=65297AE7&_nc_sid=8b3546
stoopingnyc,post,3208616030267604242,This is a red nerd alert!!!!!! And I‚Äôm including ME. In front of 347 S Fifth Street #stoopingbrooklyn,2023-10-07 22:14:19,None,https://www.instagram.com/p/CyHS0eQuX0S,GraphImage,1,['stoopingbrooklyn'],[],1034,15,,https://scontent-lga3-1.cdninstagram.com/v/t51.2885-15/387265580_686452503134914_6048355016422589461_n.jpg?stp=dst-jpg_e35_p1080x1080&_nc_ht=scontent-lga3-1.cdninstagram.com&_nc_cat=110&_nc_ohc=d6byv0eIJ_sAX9VWsur&edm=AOQ1c0wBAAAA&ccb=7-5&ig_cache_key=MzIwODYxNjAzMDI2NzYwNDI0Mg%3D%3D.2-ccb7-5&oh=00_AfCDgoefIUQuMa6VKbva9JmrCUGNkrc1_RBoCc6wuVsFUg&oe=6528801C&_nc_sid=8b3546
stoopingnyc,post,3208501740785136020,Getting watered! 46th street between 9th and 10th! #stooping,2023-10-07 18:27:14,None,https://www.instagram.com/p/CyG41V4uHGU,GraphImage,1,['stooping'],[],2544,41,,https://scontent-lga3-1.cdninstagram.com/v/t51.2885-15/386897980_6999302183436303_7403219320151059419_n.jpg?stp=dst-jpg_e35_s1080x1080&_nc_ht=scontent-lga3-1.cdninstagram.com&_nc_cat=103&_nc_ohc=6A2K2TvwKW4AX-BzyQg&edm=APU89FABAAAA&ccb=7-5&oh=00_AfBd1WtMr-uHRyv_duju0RVRgtnxwhDVda6BRYXYVaUZ4Q&oe=6528AA2D&_nc_sid=bc0c2c
stoopingnyc,post,3208500786337716474,Someone rescue this! Madison and 94th again! #stooping,2023-10-07 18:25:21,None,https://www.instagram.com/p/CyG4nc_OJj6,GraphImage,1,['stooping'],[],334,9,,https://scontent-lga3-1.cdninstagram.com/v/t51.2885-15/386454940_280526248147650_2560433835856735320_n.jpg?stp=dst-jpg_e35&_nc_ht=scontent-lga3-1.cdninstagram.com&_nc_cat=106&_nc_ohc=L-Ec57MC-nkAX_6MPOP&edm=APU89FABAAAA&ccb=7-5&oh=00_AfCL2qDePaa3T0CavB-Z8NdR22X6UUzwTOzp8aBKIMDqXw&oe=6528F32A&_nc_sid=bc0c2c
stoopingnyc,post,3208012050273185571,So many drawers. At 38 St. Marks PL in brooklyn! #stoopingbrooklyn,2023-10-07 02:14:19,None,https://www.instagram.com/p/CyFJfaDtK8j,GraphImage,1,['stoopingbrooklyn'],[],452,4,,https://scontent-lga3-1.cdninstagram.com/v/t51.2885-15/386476890_335849958984666_3947121045388651292_n.jpg?stp=dst-jpg_e35&_nc_ht=scontent-lga3-1.cdninstagram.com&_nc_cat=106&_nc_ohc=k9QXXNkGr2MAX-v3GwG&edm=APU89FABAAAA&ccb=7-5&oh=00_AfATcp9lmd5r5_vexgOvBDbYHdJC_NjDAXJL6Zt_oYQCfw&oe=6529C7F7&_nc_sid=bc0c2c
stoopingnyc,post,3207625973289348548,Super cool. A Japanese pachinko machine. Don‚Äôt know if it works! 118 w72nd. #stooping,2023-10-06 13:27:15,None,https://www.instagram.com/p/CyDxtP2Om3E,GraphImage,1,['stooping'],[],1590,28,,https://scontent-lga3-1.cdninstagram.com/v/t51.2885-15/386459875_24479048868348956_855900610609346600_n.jpg?stp=dst-jpg_e35&_nc_ht=scontent-lga3-1.cdninstagram.com&_nc_cat=108&_nc_ohc=BAB5Lck2sJQAX8O-g6P&edm=APU89FABAAAA&ccb=7-5&oh=00_AfAVxBgmhYbp1yf_wxg2azudK06GKXN9ZqBlzzN0IHCHLA&oe=65294DEA&_nc_sid=bc0c2c
stoopingnyc,post,3207625015864017273,Thanks to @muriellebachelier_ for sending us this @madamefigarofr mention about @stoopingnyc! Our French is a little rusty‚Ä¶ do they say nice things??? üòÇ,2023-10-06 13:25:21,None,https://www.instagram.com/p/CyDxfULO0F5,GraphSidecar,2,[],"['muriellebachelier_', 'madamefigarofr', 'stoopingnyc']",125,1,,https://scontent-lga3-2.cdninstagram.com/v/t51.2885-15/386245584_335541392339285_8182351509134982042_n.jpg?stp=dst-jpg_e35_p1080x1080&_nc_ht=scontent-lga3-2.cdninstagram.com&_nc_cat=105&_nc_ohc=Q6_-ro4rp6AAX8nVA0e&edm=APU89FABAAAA&ccb=7-5&oh=00_AfAbwt1t_jj5kZf3MJnSd19rYY2J1bR1ewEAiKszzY6zTg&oe=652893C4&_nc_sid=bc0c2c
stoopingnyc,post,3207274211239545720,@colinhodgkin better get @subway for life for this #stoopingsuccess üòÇ,2023-10-06 01:50:02,None,https://www.instagram.com/p/CyChub6NEt4,GraphVideo,1,['stoopingsuccess'],"['colinhodgkin', 'subway']",3272,39,,https://scontent-lga3-1.cdninstagram.com/v/t51.2885-15/386637746_886469219502562_7409785407500359231_n.jpg?stp=dst-jpg_e15&_nc_ht=scontent-lga3-1.cdninstagram.com&_nc_cat=110&_nc_ohc=UncC1px2jpYAX_YoZ6o&edm=APU89FABAAAA&ccb=7-5&oh=00_AfD0He1LGFovBz0pa3fEkLWdCgiAWRBblJdC8CoecnyFoQ&oe=65262D78&_nc_sid=bc0c2c
stoopingnyc,post,3207181132621366679,Great low coffee table/TV stand on Greene Ave between Classon and Franklin. #stoopingbrooklyn,2023-10-05 22:43:26,None,https://www.instagram.com/p/CyCMj9sO0WX,GraphImage,1,['stoopingbrooklyn'],[],312,2,,https://scontent-lga3-2.cdninstagram.com/v/t51.2885-15/386333078_859730219197173_1427392257928061675_n.jpg?stp=dst-jpg_e35&_nc_ht=scontent-lga3-2.cdninstagram.com&_nc_cat=109&_nc_ohc=iI1J4k3G2p0AX8aIz_O&edm=APU89FABAAAA&ccb=7-5&oh=00_AfC4yVeJa8IwNXbhgd4QeWarKYHTXW0M0jWmFKXsaIwJ2g&oe=6529233B&_nc_sid=bc0c2c
stoopingnyc,post,3207180754236401765,I‚Äôm 78% positive this is the way it looks and not missing leg. If so‚Ä¶ I like it! Glass coffee table outside 86 Montague Street between Court and Clinton Streets. #stoopingbrooklyn,2023-10-05 22:42:40,None,https://www.instagram.com/p/CyCMedSuuhl,GraphImage,1,['stoopingbrooklyn'],[],1399,14,,https://scontent-lga3-1.cdninstagram.com/v/t51.2885-15/386549408_635400028786238_4147036910191485631_n.jpg?stp=dst-jpg_e35&_nc_ht=scontent-lga3-1.cdninstagram.com&_nc_cat=102&_nc_ohc=eJ46pZgELZQAX_5HDB0&edm=APU89FABAAAA&ccb=7-5&oh=00_AfAFAB55CncUIu00ZjH05-4_8kkt6diqaAC4m1q9j3B0SQ&oe=652863E3&_nc_sid=bc0c2c
stoopingnyc,post,3207052253596309799,This amazing mirror seems to have moved two blocks from yesterday üòÇ. West 18th bt 5th & 6th. #stooping,2023-10-05 18:27:22,None,https://www.instagram.com/p/CyBvQhvuVkn,GraphImage,1,['stooping'],[],608,19,,https://scontent-lga3-2.cdninstagram.com/v/t51.2885-15/386183074_296700083137567_7948692407451591437_n.jpg?stp=dst-jpg_e35_s1080x1080&_nc_ht=scontent-lga3-2.cdninstagram.com&_nc_cat=107&_nc_ohc=RxQs_IGndJQAX94Cmmd&edm=APU89FABAAAA&ccb=7-5&oh=00_AfD0Y_0XhwpKJhly4v4MmZqo34u_kqr3Ell8HVPEcIehJg&oe=6529A271&_nc_sid=bc0c2c
stoopingnyc,post,3206538828532966011,Mirror and selfie! West 16th between 6th and 5th Avenues #stooping,2023-10-05 01:27:17,None,https://www.instagram.com/p/Cx_6hNZNGJ7,GraphImage,1,['stooping'],[],234,3,,https://scontent-lga3-2.cdninstagram.com/v/t51.2885-15/385909199_178788745198368_2371091149211607865_n.jpg?stp=dst-jpg_e35&_nc_ht=scontent-lga3-2.cdninstagram.com&_nc_cat=100&_nc_ohc=o_F7mnTbrHEAX9r5_sk&edm=APU89FABAAAA&ccb=7-5&oh=00_AfDIkqNUVWiIv8bVRoMewNBeyKQCMe42TpWMNwMgT7wm5g&oe=652A0EA8&_nc_sid=bc0c2c
stoopingnyc,post,3206537508241793424,Beautiful doll house on the upper west side! 73rd and west end! #stooping,2023-10-05 01:24:40,None,https://www.instagram.com/p/Cx_6N_xt-GQ,GraphImage,1,['stooping'],[],562,14,,https://scontent-lga3-2.cdninstagram.com/v/t51.2885-15/385918399_2086214795058036_5686892061500135727_n.jpg?stp=dst-jpg_e35&_nc_ht=scontent-lga3-2.cdninstagram.com&_nc_cat=100&_nc_ohc=at2ns0JaNzkAX-fa4Ra&edm=APU89FABAAAA&ccb=7-5&oh=00_AfDJqYvNFb4yiy_YHU7Si6fWkYmfZ3ohMfMqj1Jtx6xjDw&oe=65284EC9&_nc_sid=bc0c2c
stoopingnyc,post,3206536696534702244,Shelf upgrade! On cody and wyckoff! #stoopingbrooklyn,2023-10-05 01:23:03,None,https://www.instagram.com/p/Cx_6CL0NJik,GraphImage,1,['stoopingbrooklyn'],[],299,3,,https://scontent-lga3-1.cdninstagram.com/v/t51.2885-15/386233742_709098231092067_1387011354899369744_n.jpg?stp=dst-jpg_e35&_nc_ht=scontent-lga3-1.cdninstagram.com&_nc_cat=103&_nc_ohc=tcaYiBTZcPEAX_2czuW&edm=APU89FABAAAA&ccb=7-5&oh=00_AfBlMMa0Y7AKqzWnoErUMOHe2tfE2cPE1tQcezIuUGCsBQ&oe=6529E5F1&_nc_sid=bc0c2c
stoopingnyc,post,3206511679977643507,Just turn your head! #stooping,2023-10-05 00:33:21,None,https://www.instagram.com/p/Cx_0WJVNV3z,GraphImage,1,['stooping'],[],354,7,,https://scontent-lga3-2.cdninstagram.com/v/t51.2885-15/386895571_188255607635059_7533497899125881009_n.jpg?stp=dst-jpg_e35_p1080x1080&_nc_ht=scontent-lga3-2.cdninstagram.com&_nc_cat=107&_nc_ohc=emVpEYJxrmIAX_u93pF&edm=APU89FABAAAA&ccb=7-5&oh=00_AfB9y0Tnb1SaDNWFhl2EabT2RO9TXyHXrPGsQ4RFXwXWow&oe=65284F5A&_nc_sid=bc0c2c
stoopingnyc,post,3206438783343601042,Oh so curious. Court and 9th! #stoopingbrooklyn,2023-10-04 22:08:31,None,https://www.instagram.com/p/Cx_jxXDOyWS,GraphImage,1,['stoopingbrooklyn'],[],390,3,,https://scontent-lga3-1.cdninstagram.com/v/t51.2885-15/386248535_338270818567662_3623047621768763253_n.jpg?stp=dst-jpg_e35&_nc_ht=scontent-lga3-1.cdninstagram.com&_nc_cat=106&_nc_ohc=edHyZAJ1hl0AX9w1zfU&edm=APU89FABAAAA&ccb=7-5&oh=00_AfCb3UerMOykbqYulzGepI9smoK3gXFs35nHx5zBDQFK_w&oe=65290B04&_nc_sid=bc0c2c
stoopingnyc,post,3206424693040718846,Gorg Palm at 128 Greene Avenue betw Clinton and Waverly Avenues #stoopingbrooklyn,2023-10-04 21:40:31,None,https://www.instagram.com/p/Cx_gkUbu6P-,GraphImage,1,['stoopingbrooklyn'],[],166,3,,https://scontent-lga3-1.cdninstagram.com/v/t51.2885-15/385917792_690659609696624_8162238958553300054_n.jpg?stp=dst-jpg_e35_p1080x1080&_nc_ht=scontent-lga3-1.cdninstagram.com&_nc_cat=108&_nc_ohc=qj7v4Ttif60AX-PKdZo&edm=APU89FABAAAA&ccb=7-5&oh=00_AfBKHshdeT4HUsBjDSkXZ8cTI2U0EZmCiYFK8DjigbxArg&oe=65289255&_nc_sid=bc0c2c
stoopingnyc,post,3206414184279081512,Brand new book and toy shelf! Quincy st Brooklyn btwn Throop and Tompkins. #stoopingbrooklyn,2023-10-04 21:19:38,None,https://www.instagram.com/p/Cx_eLZYuoIo,GraphImage,1,['stoopingbrooklyn'],[],233,2,,https://scontent-lga3-2.cdninstagram.com/v/t51.2885-15/386301403_712331044044341_4961198358034286719_n.jpg?stp=dst-jpg_e35&_nc_ht=scontent-lga3-2.cdninstagram.com&_nc_cat=105&_nc_ohc=PuQjBb5uBTgAX8hfpM8&edm=APU89FABAAAA&ccb=7-5&oh=00_AfDGRb5n7thB0s83hAjvdlcIC5m9Myhgd3_U7SWckjldEg&oe=6529AD7B&_nc_sid=bc0c2c
stoopingnyc,post,3206413792396896556,End your day with this! 6th street between 7th and 6th ave. #stoopingbrooklyn,2023-10-04 21:18:51,None,https://www.instagram.com/p/Cx_eFsauuks,GraphImage,1,['stoopingbrooklyn'],[],144,0,,https://scontent-lga3-2.cdninstagram.com/v/t51.2885-15/385619879_1268812200489652_7871987021582584122_n.jpg?stp=dst-jpg_e35_s1080x1080&_nc_ht=scontent-lga3-2.cdninstagram.com&_nc_cat=104&_nc_ohc=QE0xO8so-EYAX-AYBjJ&edm=APU89FABAAAA&ccb=7-5&oh=00_AfDSsM0V2oT_V4yWM4CqPskceJ6XMfIaYP0Qwxy7n-HXCw&oe=65291A9B&_nc_sid=bc0c2c
stoopingnyc,post,3206302366499976598,Worth a fortune or worth $0. Bag and bin of beanie babies on lormier and stagg #stoopingbrooklyn,2023-10-04 17:37:28,None,https://www.instagram.com/p/Cx_EwO9ubWW,GraphImage,1,['stoopingbrooklyn'],[],991,28,,https://scontent-lga3-2.cdninstagram.com/v/t51.2885-15/386163863_6462842740507897_5416151750640805349_n.jpg?stp=dst-jpg_e35&_nc_ht=scontent-lga3-2.cdninstagram.com&_nc_cat=101&_nc_ohc=4RrOKc-S_lQAX8mYNej&edm=APU89FABAAAA&ccb=7-5&oh=00_AfCtyK9p_YDGy2oRglHhdMXBmkpnuYzxzTFG0mC9-5CDeA&oe=652856EA&_nc_sid=bc0c2c
stoopingnyc,post,3206234727987764372,"Obsessed with this color combo. 8th and 53rd 
 #stooping",2023-10-04 15:23:05,None,https://www.instagram.com/p/Cx-1X9sO1yU,GraphImage,1,['stooping'],[],1075,6,,https://scontent-lga3-2.cdninstagram.com/v/t51.2885-15/386312058_129923136876257_403731981540159370_n.jpg?stp=dst-jpg_e35&_nc_ht=scontent-lga3-2.cdninstagram.com&_nc_cat=105&_nc_ohc=7gt6E15WuY8AX-gmEy_&edm=APU89FABAAAA&ccb=7-5&oh=00_AfDC89vIpchMYDntN2DAkDcN15buDg9I4MLj2Puvt0OC7Q&oe=6529E9F1&_nc_sid=bc0c2c
stoopingnyc,post,3205831313344426294,All those curves ü•∞ On Waverly just west of Greene/ close to Washington Square üò≠ #stooping,2023-10-04 02:01:35,None,https://www.instagram.com/p/Cx9Zpght_E2,GraphSidecar,2,['stooping'],[],301,2,,https://scontent-lga3-1.cdninstagram.com/v/t51.2885-15/385628716_292331920254236_7375730534235788337_n.jpg?stp=dst-jpg_e35&_nc_ht=scontent-lga3-1.cdninstagram.com&_nc_cat=108&_nc_ohc=sHsOzvVWvMoAX-UUDQm&edm=APU89FABAAAA&ccb=7-5&oh=00_AfADdK08rAb5vmHBzGG2-haNsv53ltF4gKQ_pR9y_4ovhg&oe=6529924E&_nc_sid=bc0c2c
stoopingnyc,post,3205800469288327411,It‚Äôs the details for me. 3rd street between 7th and 8th in Brooklyn #stoopingbrooklyn,2023-10-04 01:00:18,None,https://www.instagram.com/p/Cx9Soqwthjz,GraphImage,1,['stoopingbrooklyn'],[],199,5,,https://scontent-lga3-2.cdninstagram.com/v/t51.2885-15/386169778_309185541731421_3741235510407415589_n.jpg?stp=dst-jpg_e35&_nc_ht=scontent-lga3-2.cdninstagram.com&_nc_cat=109&_nc_ohc=KcHVWJr3AowAX9tt3tS&edm=APU89FABAAAA&ccb=7-5&oh=00_AfCbfo5yUfdaemqjrKfJ0k4fOjiJauhXdQpJKIL4-6d40Q&oe=6529E00F&_nc_sid=bc0c2c
stoopingnyc,post,3205799944790591173,"Beauty!!!! 74 W 69th (Manhattan, UWS) #stoopingnyc",2023-10-04 00:59:15,None,https://www.instagram.com/p/Cx9ShCSNcbF,GraphImage,1,['stoopingnyc'],[],606,19,,https://scontent-lga3-2.cdninstagram.com/v/t51.2885-15/385865541_1038326780920957_9089376673901559500_n.jpg?stp=dst-jpg_e35&_nc_ht=scontent-lga3-2.cdninstagram.com&_nc_cat=101&_nc_ohc=0vpp2ANPSLEAX-DdjaC&edm=APU89FABAAAA&ccb=7-5&oh=00_AfDEUPLqZgpsYeU2EWgErMaY7DK5Bp0_WUdlfCAfzqChJg&oe=6528D022&_nc_sid=bc0c2c
stoopingnyc,post,3205701369016694123,Gorg antique cabinet! 106 E85th! #stooping,2023-10-03 21:43:24,None,https://www.instagram.com/p/Cx88GkcOTVr,GraphImage,1,['stooping'],[],247,6,,https://scontent-lga3-2.cdninstagram.com/v/t51.2885-15/386375415_729083229048241_8415270540981243398_n.jpg?stp=dst-jpg_e35&_nc_ht=scontent-lga3-2.cdninstagram.com&_nc_cat=101&_nc_ohc=Ucz_bdgxn7IAX9afULG&edm=APU89FABAAAA&ccb=7-5&oh=00_AfC74E9tHw21B0NtG9ZR5OQ6_ZCGNM3CNlkwEsjKzeuVPw&oe=652891AC&_nc_sid=bc0c2c
stoopingnyc,post,3205082032534538970,Amazing photo frame bundle outside of 110 Macon st! #stoopingbrooklyn,2023-10-03 01:12:53,None,https://www.instagram.com/p/Cx6vSCZNUra,GraphImage,1,['stoopingbrooklyn'],[],414,8,,https://scontent-lga3-2.cdninstagram.com/v/t51.2885-15/385152301_861040685225844_7133354640033818754_n.jpg?stp=dst-jpg_e35&_nc_ht=scontent-lga3-2.cdninstagram.com&_nc_cat=100&_nc_ohc=jpcVsRVMj9sAX_6qNiK&edm=APU89FABAAAA&ccb=7-5&oh=00_AfBskzQZ8y9gwnO2wZCL_polVfzIre8LcxKkROLzM422dQ&oe=652A0558&_nc_sid=bc0c2c
stoopingnyc,post,3204931100388063616,A beautiful hutch accompanied by our favorite kind of note! Hart St. Ridgewood Queens between Cypress and Seneca #stoopingqueens,2023-10-02 20:13:01,None,https://www.instagram.com/p/Cx6M9r4O3mA,GraphSidecar,2,['stoopingqueens'],[],1198,23,,https://scontent-lga3-1.cdninstagram.com/v/t51.2885-15/385706866_249514874727078_3797837591125311036_n.jpg?stp=dst-jpg_e35_p1080x1080&_nc_ht=scontent-lga3-1.cdninstagram.com&_nc_cat=106&_nc_ohc=L230HELJeBcAX_QRuG2&edm=APU89FABAAAA&ccb=7-5&oh=00_AfBObi6Y_r8r7Q3rFU_i45qGA86Ljre-rJT7rTp1mvK07g&oe=6528EECA&_nc_sid=bc0c2c
stoopingnyc,post,3204713468078401817,When you just can‚Äôt let go of the weekend‚Ä¶ On Lex 73/74 in front of BLT steak #stoopingnyc,2023-10-02 13:00:37,None,https://www.instagram.com/p/Cx5bet_uSkZ,GraphImage,1,['stoopingnyc'],[],713,13,,https://scontent-lga3-1.cdninstagram.com/v/t51.2885-15/385008353_162363360204927_5687727738448423469_n.jpg?stp=dst-jpg_e35&_nc_ht=scontent-lga3-1.cdninstagram.com&_nc_cat=103&_nc_ohc=4fc-8taw-MoAX9ioLNM&edm=APU89FABAAAA&ccb=7-5&oh=00_AfBCYCQffoS8aC6xyJAJny341-7pQ9kjfAiDgthiYFDnow&oe=652881BD&_nc_sid=bc0c2c
stoopingnyc,post,3204701822551376375,I‚Äôm equal parts confused and intrigued‚Ä¶what is this?! 10th between 6/5th Avenue #stooping,2023-10-02 12:37:29,None,https://www.instagram.com/p/Cx5Y1QQOMH3,GraphImage,1,['stooping'],[],1563,69,,https://scontent-lga3-1.cdninstagram.com/v/t51.2885-15/385211556_1022826975698442_6606263642105825768_n.jpg?stp=dst-jpg_e35&_nc_ht=scontent-lga3-1.cdninstagram.com&_nc_cat=106&_nc_ohc=4mogfsgM2woAX9D6Keq&edm=APU89FABAAAA&ccb=7-5&oh=00_AfD9F8loH31LSttmLeiuaQoiY7eFbECGdmGbOZPP5TxStQ&oe=6529EC12&_nc_sid=bc0c2c
stoopingnyc,post,3204373185696128677,Amazing pottery!! The location is 325 W 11th Street (between greenwich and Washington streets)‚Ä¶more to come. #stooping,2023-10-02 01:44:32,None,https://www.instagram.com/p/Cx4OG9VNF6l,GraphSidecar,4,['stooping'],[],3774,84,,https://scontent-lga3-2.cdninstagram.com/v/t51.2885-15/385189822_6752475638163100_1386239231811583108_n.jpg?stp=dst-jpg_e35_p1080x1080&_nc_ht=scontent-lga3-2.cdninstagram.com&_nc_cat=104&_nc_ohc=EaYAmN8AO_AAX94UrYO&edm=APU89FABAAAA&ccb=7-5&oh=00_AfDPhVIR88itIgdyJMfv5NBDA9zIz_6Bzjt6hD_krYNYYw&oe=65294BDE&_nc_sid=bc0c2c
stoopingnyc,post,3204269612081887807,So cute I can‚Äôttttttt. Turtle Cuddie 8th Ave and 34th St #stooping,2023-10-01 22:18:45,None,https://www.instagram.com/p/Cx32jw4uDo_,GraphImage,1,['stooping'],[],266,4,,https://scontent-lga3-2.cdninstagram.com/v/t51.2885-15/385465266_690864712618449_2707565217793533076_n.jpg?stp=dst-jpg_e35&_nc_ht=scontent-lga3-2.cdninstagram.com&_nc_cat=109&_nc_ohc=Q5QCQvygI8MAX9N7Qfs&edm=APU89FABAAAA&ccb=7-5&oh=00_AfCrkw0sBNhJfE0SyN5s_SuhUw8oUwixwAf-aSQp1zMt9w&oe=6529C757&_nc_sid=bc0c2c
stoopingnyc,post,3204268992876869691,Cute lil green couch. going out on 7th st and 3rd ave rn #stooping,2023-10-01 22:17:31,None,https://www.instagram.com/p/Cx32awNOXg7,GraphImage,1,['stooping'],[],204,2,,https://scontent-lga3-1.cdninstagram.com/v/t51.2885-15/384986625_256442343532026_2799256081011653046_n.jpg?stp=dst-jpg_e35_s1080x1080&_nc_ht=scontent-lga3-1.cdninstagram.com&_nc_cat=106&_nc_ohc=TpUAAkhTG4QAX-X95-S&edm=APU89FABAAAA&ccb=7-5&oh=00_AfAWBwXWxSMefvlnc4iFe0u7Ws8G_mkmfD2otHpqcm-Tpw&oe=65294016&_nc_sid=bc0c2c
stoopingnyc,post,3204242325324348789,First and last song this bad boy played. Go! 119 Sherman. #stoopingbrooklyn,2023-10-01 21:24:32,None,https://www.instagram.com/p/Cx3wWsHOr11,GraphImage,1,['stoopingbrooklyn'],[],319,10,,https://scontent-lga3-2.cdninstagram.com/v/t51.2885-15/384953326_334201312467353_4353895057504150207_n.jpg?stp=dst-jpg_e35_p1080x1080&_nc_ht=scontent-lga3-2.cdninstagram.com&_nc_cat=105&_nc_ohc=3HnGhh3LCw4AX_Z2Ist&edm=APU89FABAAAA&ccb=7-5&oh=00_AfAk2dQVzAoXmQPTqtrOxfLYX4GZlVIZkdfhccoHDBL1vQ&oe=6528F468&_nc_sid=bc0c2c
stoopingnyc,post,3204241375431827030,‚ÄºÔ∏è‚ÄºÔ∏è‚ÄºÔ∏èLocation tagged above!! #stooping,2023-10-01 21:22:39,None,https://www.instagram.com/p/Cx3wI3dOR5W,GraphImage,1,['stooping'],[],650,16,,https://scontent-lga3-2.cdninstagram.com/v/t51.2885-15/384790380_1313072559596949_4466305486563855518_n.jpg?stp=dst-jpg_e35_s1080x1080&_nc_ht=scontent-lga3-2.cdninstagram.com&_nc_cat=109&_nc_ohc=x0HCKzeS5YEAX8T6ffw&edm=APU89FABAAAA&ccb=7-5&oh=00_AfCpsLfdZy0L9m0H8O7hREhKuEFKTVZ2-L9CHkNQvmtVUQ&oe=6528745B&_nc_sid=bc0c2c
stoopingnyc,post,3204205412252962859,"A family of a stoop! Matching sideboard / media console and entry way table (could be used as a desk) 
On Henry street in Brooklyn - between Kane and Degraw #stoopingbrooklyn",2023-10-01 20:11:12,None,https://www.instagram.com/p/Cx3n9iIuNAr,GraphSidecar,2,['stoopingbrooklyn'],[],510,5,,https://scontent-lga3-2.cdninstagram.com/v/t51.2885-15/385077687_301342339185343_2405064109205681059_n.jpg?stp=dst-jpg_e35&_nc_ht=scontent-lga3-2.cdninstagram.com&_nc_cat=107&_nc_ohc=ihVuJFP7V_MAX-BcCC7&edm=APU89FABAAAA&ccb=7-5&oh=00_AfAkYOtZqtEsnDUdtUePP2SbtCjkk7KyauUTyEnZFoGK-w&oe=6529F373&_nc_sid=bc0c2c
stoopingnyc,post,3204205052062886631,Happy Sunday! 20 hancock! #stoopingbrooklyn,2023-10-01 20:10:29,None,https://www.instagram.com/p/Cx3n4SruGrn,GraphImage,1,['stoopingbrooklyn'],[],297,4,,https://scontent-lga3-1.cdninstagram.com/v/t51.2885-15/385176100_853232169728214_4370908586185146331_n.jpg?stp=dst-jpg_e35&_nc_ht=scontent-lga3-1.cdninstagram.com&_nc_cat=106&_nc_ohc=_Y4Nfj5Z5KAAX8fIfc7&edm=APU89FABAAAA&ccb=7-5&oh=00_AfDDJfv4t0P8_cPUaHQ306UeV58ZjwFgrztgbjgwPHMUQQ&oe=65285F68&_nc_sid=bc0c2c
stoopingnyc,post,3204205003065019393,MCM needs some TLC! 81 Quincy in bed study Brooklyn #stoopingbrooklyn,2023-10-01 20:10:23,None,https://www.instagram.com/p/Cx3n3lDOEwB,GraphImage,1,['stoopingbrooklyn'],[],147,1,,https://scontent-lga3-1.cdninstagram.com/v/t51.2885-15/385184089_319716944070570_3484352347703817306_n.jpg?stp=dst-jpg_e35&_nc_ht=scontent-lga3-1.cdninstagram.com&_nc_cat=106&_nc_ohc=Fa02nr2gE_YAX8Zzjt5&edm=APU89FABAAAA&ccb=7-5&oh=00_AfCQ76PKDyF5mR0HYPZu4YZgM_PU-Xd7paUzz1JuXKmJLg&oe=6529E817&_nc_sid=bc0c2c
stoopingnyc,post,3204204589556962442,Mr. Rogers neighborhood vibes! 674 47th st Brooklyn NY #stoopingbrooklyn,2023-10-01 20:09:34,None,https://www.instagram.com/p/Cx3nxj8OBSK,GraphImage,1,['stoopingbrooklyn'],[],147,2,,https://scontent-lga3-2.cdninstagram.com/v/t51.2885-15/384994816_1104975560487628_6235917245417087178_n.jpg?stp=dst-jpg_e35&_nc_ht=scontent-lga3-2.cdninstagram.com&_nc_cat=104&_nc_ohc=afpABaAsAdUAX-90uL4&edm=APU89FABAAAA&ccb=7-5&oh=00_AfCOwGJoVQ1heIloeX0IC1unhZqfhj18eySfwpgF7SMTDA&oe=65288285&_nc_sid=bc0c2c
stoopingnyc,post,3204104281552317251,Guaranteed there are some people in needs of a sturdy already built dresser! Lafayette Ave btw south portland and south oxford. #stoopingbrooklyn,2023-10-01 16:50:16,None,https://www.instagram.com/p/Cx3Q941O-tD,GraphImage,1,['stoopingbrooklyn'],[],405,9,,https://scontent-lga3-2.cdninstagram.com/v/t51.2885-15/385171473_1154760815482961_2150617356001830958_n.jpg?stp=dst-jpg_e35&_nc_ht=scontent-lga3-2.cdninstagram.com&_nc_cat=105&_nc_ohc=MiQXvOcEOxcAX_dmm1v&edm=APU89FABAAAA&ccb=7-5&oh=00_AfAKzMmkWN752kXIS7lTDk5iR0lw1JBXF7dotE65g9a0Og&oe=6529F1DC&_nc_sid=bc0c2c
stoopingnyc,post,3204037682707235303,"Barbie dream house! JUST the structure no accessories, brand new! 524 5th street. #stoopingbrooklyn",2023-10-01 14:37:57,None,https://www.instagram.com/p/Cx3B0v0uwHn,GraphImage,1,['stoopingbrooklyn'],[],470,8,,https://scontent-lga3-2.cdninstagram.com/v/t51.2885-15/384981379_690368379398388_8840679479323771360_n.jpg?stp=dst-jpg_e35_p1080x1080&_nc_ht=scontent-lga3-2.cdninstagram.com&_nc_cat=100&_nc_ohc=Auh6YckXaawAX-oQe0z&edm=APU89FABAAAA&ccb=7-5&oh=00_AfBrZTBR7mkhDtx90ZtlFClECHLqyDtErBOx_4zYVs9_Jg&oe=652A1B85&_nc_sid=bc0c2c
stoopingnyc,post,3203594212175027241,Legitimately a living room. 53 Troutman st. #stoopingbrooklyn,2023-09-30 23:56:51,None,https://www.instagram.com/p/Cx1c_ZtMJwp,GraphImage,1,['stoopingbrooklyn'],[],230,6,,https://scontent-lga3-1.cdninstagram.com/v/t51.2885-15/384351011_287051927468646_9122704252012028915_n.jpg?stp=dst-jpg_e35&_nc_ht=scontent-lga3-1.cdninstagram.com&_nc_cat=106&_nc_ohc=zp1UPHijDMMAX-WuFCH&edm=APU89FABAAAA&ccb=7-5&oh=00_AfAViCPsXmMOr9AD3veUaXjHxO6X2IegLvGCXBdihk8iCg&oe=65285C42&_nc_sid=bc0c2c
stoopingnyc,post,3203562011916586586,Stunning vintage wood dresser in excellent condition on Clinton St at Schermerhorn in Brooklyn Heights.  #stoopingbrooklyn,2023-09-30 22:52:53,None,https://www.instagram.com/p/Cx1Vq04OU5a,GraphImage,1,['stoopingbrooklyn'],[],185,1,,https://scontent-lga3-1.cdninstagram.com/v/t51.2885-15/385170400_7418742988139910_7116990255748460794_n.jpg?stp=dst-jpg_e35&_nc_ht=scontent-lga3-1.cdninstagram.com&_nc_cat=106&_nc_ohc=2MaUkXhYiPkAX8L8inx&edm=APU89FABAAAA&ccb=7-5&oh=00_AfA1WMt2UVgD-R8VNSkmTyXV_PbziipauwPcEcTy7LjEWQ&oe=652A23A3&_nc_sid=bc0c2c
stoopingnyc,post,3203557973196089761,Another pic of the great piece on 12th and Greenwich! #stooping,2023-09-30 22:44:51,None,https://www.instagram.com/p/Cx1UwDhuSmh,GraphImage,1,['stooping'],[],1565,5,,https://scontent-lga3-2.cdninstagram.com/v/t51.2885-15/384774299_3478431809088149_7629312740626843690_n.jpg?stp=dst-jpg_e35_p1080x1080&_nc_ht=scontent-lga3-2.cdninstagram.com&_nc_cat=105&_nc_ohc=LxbIW36T2PsAX8bfZST&edm=APU89FABAAAA&ccb=7-5&oh=00_AfBbTXnIqABObJw6GPnom4yl9ML8m-OwXo4wY8HZSVypvQ&oe=6528866F&_nc_sid=bc0c2c
stoopingnyc,post,3203557528432169128,I think it‚Äôs safe to say that this is a need not a want. corner of 3rd and 75th next to the Starbucks(bay ridge parkway). #stoopingbrooklyn,2023-09-30 22:43:58,None,https://www.instagram.com/p/Cx1UplTulCo,GraphImage,1,['stoopingbrooklyn'],[],2144,13,,https://scontent-lga3-1.cdninstagram.com/v/t51.2885-15/383322365_878555377018362_3439988099786770510_n.jpg?stp=dst-jpg_e35&_nc_ht=scontent-lga3-1.cdninstagram.com&_nc_cat=106&_nc_ohc=9ayFWOfAwlgAX9s_KUF&edm=APU89FABAAAA&ccb=7-5&oh=00_AfBgwPqX5s9GEIVPUG1i7_jVDlB921OhengvF4jJVdE2pQ&oe=65293F49&_nc_sid=bc0c2c
stoopingnyc,post,3203556346988906000,Yes please!!!! 255 west 12th. #stooping,2023-09-30 22:41:37,None,https://www.instagram.com/p/Cx1UYZAOMYQ,GraphImage,1,['stooping'],[],1287,6,,https://scontent-lga3-1.cdninstagram.com/v/t51.2885-15/385813096_327810729738942_7257939910230956457_n.jpg?stp=dst-jpg_e35_p1080x1080&_nc_ht=scontent-lga3-1.cdninstagram.com&_nc_cat=106&_nc_ohc=s-nRfnYal2gAX-w5ijB&edm=APU89FABAAAA&ccb=7-5&oh=00_AfAaBZx40yUjpZ1rxMiCKlg92tDr5-6b8YdjxNJvyGPK2g&oe=65298710&_nc_sid=bc0c2c
stoopingnyc,post,3203555305207839391,Potential! LES! Allen Street below Rivington. #stooping,2023-09-30 22:39:33,None,https://www.instagram.com/p/Cx1UJOxOzqf,GraphImage,1,['stooping'],[],156,0,,https://scontent-lga3-2.cdninstagram.com/v/t51.2885-15/384554078_756947122863528_8870812342865781088_n.jpg?stp=dst-jpg_e35&_nc_ht=scontent-lga3-2.cdninstagram.com&_nc_cat=100&_nc_ohc=C-siG4OUmWsAX9GFgrN&edm=APU89FABAAAA&ccb=7-5&oh=00_AfAJtnyhkwpKn3QtKjB2CmGRm07fKqqBJ5e2Re3FSBlQqA&oe=652A0751&_nc_sid=bc0c2c
stoopingnyc,post,3203471693082973666,Is it spring yet? boerum hill- pacific between hoyt and dean #stoopingbrooklyn,2023-09-30 19:53:26,None,https://www.instagram.com/p/Cx1BIg6OtXi,GraphImage,1,['stoopingbrooklyn'],[],163,3,,https://scontent-lga3-1.cdninstagram.com/v/t51.2885-15/383210213_326932389811928_8615319948927676676_n.jpg?stp=dst-jpg_e35&_nc_ht=scontent-lga3-1.cdninstagram.com&_nc_cat=108&_nc_ohc=kdIoC2dQpwoAX_-MY1D&edm=APU89FABAAAA&ccb=7-5&oh=00_AfD9KJDZkelj87XoO929WMYSyyuxJRKgLmbYrgnAQaj5Cw&oe=65286EE2&_nc_sid=bc0c2c
stoopingnyc,post,3203471059457911428,Wfh‚Ä¶but make it ergonomic. Across from 500 Leonard St BK #stoopingbrooklyn,2023-09-30 19:52:10,None,https://www.instagram.com/p/Cx1A_SzO6qE,GraphImage,1,['stoopingbrooklyn'],[],183,8,,https://scontent-lga3-1.cdninstagram.com/v/t51.2885-15/384338788_673961454690462_4720805839047227480_n.jpg?stp=dst-jpg_e35&_nc_ht=scontent-lga3-1.cdninstagram.com&_nc_cat=106&_nc_ohc=_0smjAdNBroAX8hIHAB&edm=APU89FABAAAA&ccb=7-5&oh=00_AfDr5gEGhGXTn7M1KrBbL4PvJB5KJnOpDxg2fW0TFijNYw&oe=652978B1&_nc_sid=bc0c2c
stoopingnyc,post,3203470283771676883,"Stoop the couch, get the beer for free. What a deal. 13th street between 1st and 2nd! #stooping",2023-09-30 19:50:38,None,https://www.instagram.com/p/Cx1A0AYuwjT,GraphImage,1,['stooping'],[],344,4,,https://scontent-lga3-2.cdninstagram.com/v/t51.2885-15/384794455_1119315555907121_4902661871636333951_n.jpg?stp=dst-jpg_e35&_nc_ht=scontent-lga3-2.cdninstagram.com&_nc_cat=105&_nc_ohc=GQqG__VoFJAAX-Awgcf&edm=APU89FABAAAA&ccb=7-5&oh=00_AfCsj-3nwU0yCjRUbaDG7FoGiM7dDISk8Dsqa3y9RyACQA&oe=6529FDFA&_nc_sid=bc0c2c
stoopingnyc,post,3203469910721786203,Vintageeeee! On allen and Delancey in front of Joey bats cafe #stoopingnyc,2023-09-30 19:49:53,None,https://www.instagram.com/p/Cx1Auk9OXFb,GraphImage,1,['stoopingnyc'],[],146,2,,https://scontent-lga3-1.cdninstagram.com/v/t51.2885-15/384585068_341386575003010_6006341295743712201_n.jpg?stp=dst-jpg_e35&_nc_ht=scontent-lga3-1.cdninstagram.com&_nc_cat=110&_nc_ohc=gUH-w4tdl14AX8kTP_c&edm=APU89FABAAAA&ccb=7-5&oh=00_AfCbto_IE6OLHde39KwWRLzqYbrNJESpVOR9fhe-forIQg&oe=6529AC74&_nc_sid=bc0c2c
stoopingnyc,post,3203297486290135702,"OMG. We missed this last night! Worth checking for you @seinfeldtv fans. East 3rd, first house right off Beverley. #stoopingbrooklyn",2023-09-30 14:07:19,None,https://www.instagram.com/p/Cx0ZheMOaqW,GraphImage,1,['stoopingbrooklyn'],['seinfeldtv'],4835,70,,https://scontent-lga3-1.cdninstagram.com/v/t51.2885-15/384223367_864564561430562_6980468564338893698_n.jpg?stp=dst-jpg_e35&_nc_ht=scontent-lga3-1.cdninstagram.com&_nc_cat=102&_nc_ohc=QzWLIQBNxmYAX_-QP6z&edm=APU89FABAAAA&ccb=7-5&oh=00_AfCtllWGBc6VVOo4-e7LyQgS-wfWbvVtzEDHxYT3Y4983w&oe=65298E44&_nc_sid=bc0c2c
stoopingnyc,post,3202895869694470004,Over 1000 tiny pumpkins available from the Ed Sheeran pop up at 45 Rockefeller center! #stooping,2023-09-30 00:49:22,None,https://www.instagram.com/p/Cxy-NLltGd0,GraphImage,1,['stooping'],[],817,5,,https://scontent-lga3-2.cdninstagram.com/v/t51.2885-15/383960302_319218567465052_6921460286592438480_n.jpg?stp=dst-jpg_e35&_nc_ht=scontent-lga3-2.cdninstagram.com&_nc_cat=104&_nc_ohc=6jW_NX8hB68AX84y2Fi&edm=APU89FABAAAA&ccb=7-5&oh=00_AfAC-8jSbKM77c25mJy5MwpV_dKC3Ev238_iqe4nxJVlwQ&oe=652997F0&_nc_sid=bc0c2c
stoopingnyc,post,3202895319141799693,Beautiful and currently dry! E101 btwn lex & 3rd on the downtown side. #stooping,2023-09-30 00:48:17,None,https://www.instagram.com/p/Cxy-FK2NVcN,GraphImage,1,['stooping'],[],597,6,,https://scontent-lga3-1.cdninstagram.com/v/t51.2885-15/385278618_971951927240427_2587875170689009751_n.jpg?stp=dst-jpg_e35&_nc_ht=scontent-lga3-1.cdninstagram.com&_nc_cat=103&_nc_ohc=PcFAs1pfXgoAX_aNbN6&edm=APU89FABAAAA&ccb=7-5&oh=00_AfAON0pAIjyxwc7qoqq4ofj-LM7Tp8-9I9CGAvHY0-1ovQ&oe=652965DC&_nc_sid=bc0c2c
stoopingnyc,post,3202168509340874832,A desk to write a novel at. cute wooden writing desk outside 151 W 95 #stooping,2023-09-29 00:44:14,None,https://www.instagram.com/p/CxwY0seNHhQ,GraphImage,1,['stooping'],[],411,10,,https://scontent-lga3-1.cdninstagram.com/v/t51.2885-15/384297687_260345086415410_1160818827652041733_n.jpg?stp=dst-jpg_e35_s1080x1080&_nc_ht=scontent-lga3-1.cdninstagram.com&_nc_cat=110&_nc_ohc=zs14BXH-wSkAX_yVKF3&edm=APU89FABAAAA&ccb=7-5&oh=00_AfC4dAZYXgeywxAcy4OqSD5LziXKG47tcbkAUDr4l-ZvRw&oe=65296B43&_nc_sid=bc0c2c
stoopingnyc,post,3202097047141975002,Save this beauty from the üåß Couch is out on 9th & Court in BK #stoopingbrooklyn,2023-09-28 22:22:15,None,https://www.instagram.com/p/CxwIkyHOYPa,GraphSidecar,2,['stoopingbrooklyn'],[],343,12,,https://scontent-lga3-2.cdninstagram.com/v/t51.2885-15/384424077_684033983397187_4761290710973421468_n.jpg?stp=dst-jpg_e35_p1080x1080&_nc_ht=scontent-lga3-2.cdninstagram.com&_nc_cat=107&_nc_ohc=A67ArlusHboAX9bBElW&edm=APU89FABAAAA&ccb=7-5&oh=00_AfDmYLZscUfXAb6-gAXGJqmSJIxcxus6d6lP56bkDo20pQ&oe=6529ABCD&_nc_sid=bc0c2c
stoopingnyc,post,3201461486790103069,Sooo many desk chairs on the UWS! 67th & Columbus. #stooping,2023-09-28 01:19:31,None,https://www.instagram.com/p/Cxt4EKaN9Ad,GraphImage,1,['stooping'],[],470,8,,https://scontent-lga3-1.cdninstagram.com/v/t51.2885-15/384112184_780995723791095_391854175061920758_n.jpg?stp=dst-jpg_e35&_nc_ht=scontent-lga3-1.cdninstagram.com&_nc_cat=103&_nc_ohc=Ez_EVnl76OUAX8S42Ni&edm=APU89FABAAAA&ccb=7-5&oh=00_AfDdMli9xqKixKh3_zcIrWpWg3b2-i5-mMzPsTIm-oufRA&oe=6529758A&_nc_sid=bc0c2c
stoopingnyc,post,3201419163905534378,Old school desks outside st. Francis of Paola church In Williamsburg on Humboldt! #stoopingbrooklyn,2023-09-27 23:55:25,None,https://www.instagram.com/p/CxtucSJt6mq,GraphImage,1,['stoopingbrooklyn'],[],157,5,,https://scontent-lga3-1.cdninstagram.com/v/t51.2885-15/383430046_261983063477070_1181255499166701201_n.jpg?stp=dst-jpg_e35&_nc_ht=scontent-lga3-1.cdninstagram.com&_nc_cat=106&_nc_ohc=aYTmGZLhJFMAX_DtJCB&edm=APU89FABAAAA&ccb=7-5&oh=00_AfCAuFuge7JFPuswdQje-gJ3QubCVQIMWWPbGKPVU_7T_g&oe=652974E1&_nc_sid=bc0c2c
stoopingnyc,post,3201348394479642035,Tag someone who would love this‚Ä¶ A whole decades (1980s) worth of gourmet magazine outside of 1405 8th Ave. #stoopingbrooklyn,2023-09-27 21:34:49,None,https://www.instagram.com/p/CxteWc_OeWz,GraphImage,1,['stoopingbrooklyn'],[],924,34,,https://scontent-lga3-1.cdninstagram.com/v/t51.2885-15/383221998_655466970013100_4398112135280504418_n.jpg?stp=dst-jpg_e35&_nc_ht=scontent-lga3-1.cdninstagram.com&_nc_cat=108&_nc_ohc=mr6m5sGal8QAX8ap_6M&edm=APU89FABAAAA&ccb=7-5&oh=00_AfCoZFXVNSfpD4lg5nqq3yvF0FmAgqGLKDOJ5B_sKNVt0Q&oe=65292503&_nc_sid=bc0c2c
stoopingnyc,post,3201287620080068539,Oh I want this‚Ä¶ Bike desk. Linden Boulevard between Flatbush and Bedford. #stoopingbrooklyn,2023-09-27 19:34:04,None,https://www.instagram.com/p/CxtQiEaume7,GraphImage,1,['stoopingbrooklyn'],[],776,15,,https://scontent-lga3-2.cdninstagram.com/v/t51.2885-15/383332175_6446981492077795_3079841292458766378_n.jpg?stp=dst-jpg_e35_s1080x1080&_nc_ht=scontent-lga3-2.cdninstagram.com&_nc_cat=107&_nc_ohc=F3HWqr0b7eQAX-nWWqs&edm=APU89FABAAAA&ccb=7-5&oh=00_AfBhDJJZSuvVXrTIgqn0CQhgljKV9tLBWMU4c6c-MJDCLA&oe=65283E12&_nc_sid=bc0c2c
stoopingnyc,post,3201189041831234093,What‚Äôs going on here? Wrong answers only. 159 Hoyt St #stoopingbrooklyn,2023-09-27 16:18:13,None,https://www.instagram.com/p/Cxs6HkROUot,GraphImage,1,['stoopingbrooklyn'],[],6854,332,,https://scontent-lga3-2.cdninstagram.com/v/t51.2885-15/383429865_268517232810943_3020581603061764647_n.jpg?stp=dst-jpg_e35_p1080x1080&_nc_ht=scontent-lga3-2.cdninstagram.com&_nc_cat=107&_nc_ohc=cw2BUvmD-loAX_OUVvv&edm=APU89FABAAAA&ccb=7-5&oh=00_AfBvF85M7Kk50Rd-PpdRyNTzCjax836z1xxq4ufLGXvswQ&oe=65295A0F&_nc_sid=bc0c2c
stoopingnyc,post,3200806758007241328,Late night book club!!! Dumpster full of books on 41st bw 7th and 6th Ave. #stooping,2023-09-27 03:38:41,None,https://www.instagram.com/p/CxrjMmtsPpw,GraphImage,1,['stooping'],[],3492,68,,https://scontent-lga3-2.cdninstagram.com/v/t51.2885-15/382754080_178620761935473_8785462613649218532_n.jpg?stp=dst-jpg_e35_p1080x1080&_nc_ht=scontent-lga3-2.cdninstagram.com&_nc_cat=109&_nc_ohc=pR8uLIoOr2MAX85udu5&edm=APU89FABAAAA&ccb=7-5&oh=00_AfADGWGw0aVpICvBw1W6ZlsQfqnYp2cQsXfcCQ8fW7g71Q&oe=65294EFB&_nc_sid=bc0c2c
stoopingnyc,post,3200758779741539211,"According to the stooper, this is definitely haunted! But in excellent condition outside Lucille‚Äôs Pizza in Harlem. #stooping",2023-09-27 02:03:21,None,https://www.instagram.com/p/CxrYSbeNQuL,GraphImage,1,['stooping'],[],371,12,,https://scontent-lga3-1.cdninstagram.com/v/t51.2885-15/382940625_282396197982171_5146220032123839789_n.jpg?stp=dst-jpg_e35&_nc_ht=scontent-lga3-1.cdninstagram.com&_nc_cat=103&_nc_ohc=7uQoXu1vZbYAX876XVC&edm=APU89FABAAAA&ccb=7-5&oh=00_AfBH5gwZH_GZQ7QvpK6YcC_c3cH9ZUoFldLKH3U1aLCcZQ&oe=652A2BF1&_nc_sid=bc0c2c
stoopingnyc,post,3200686267531815321,Wet West Elm chairs! On willoughby between skillman street and Bedford Ave. #stoopingbrooklyn,2023-09-26 23:39:17,None,https://www.instagram.com/p/CxrHzPNtGmZ,GraphImage,1,['stoopingbrooklyn'],[],313,4,,https://scontent-lga3-2.cdninstagram.com/v/t51.2885-15/383783587_811996550677343_6161061858922068694_n.jpg?stp=dst-jpg_e35&_nc_ht=scontent-lga3-2.cdninstagram.com&_nc_cat=111&_nc_ohc=bMKU_KmlTRAAX9qmEmz&edm=APU89FABAAAA&ccb=7-5&oh=00_AfC7lCZFouOArJv71Q63EHsQojsdvueOTTq6jemf0J_9wQ&oe=652A1CB4&_nc_sid=bc0c2c
stoopingnyc,post,3200613273640348752,There are pianos and then there is THIS piano. Someone please rescue this beauty! Corner of Gold & Nassau in Brooklyn. #stoopingbrooklyn,2023-09-26 21:14:16,None,https://www.instagram.com/p/Cxq3NCWu6xQ,GraphImage,1,['stoopingbrooklyn'],[],1594,39,,https://scontent-lga3-2.cdninstagram.com/v/t51.2885-15/383849189_320446617242632_1407998674324340656_n.jpg?stp=dst-jpg_e35&_nc_ht=scontent-lga3-2.cdninstagram.com&_nc_cat=104&_nc_ohc=h4gkjLUtmzMAX_0TvZd&edm=APU89FABAAAA&ccb=7-5&oh=00_AfDQjcV-Q2koZ2KF4WaR5oGnrUtLVZQRzakeDstqq7H9Cw&oe=65292307&_nc_sid=bc0c2c
stoopingnyc,post,3199826147264847200,Ok hear me out‚Ä¶this beauty needs from TLC but had alllll the potential!! Just put out on Madison st between nostrand and Marcy in bedstuy! It‚Äôs totally dry (for now) #stoopingbrooklyn,2023-09-25 19:10:23,None,https://www.instagram.com/p/CxoEO1yul1g,GraphImage,1,['stoopingbrooklyn'],[],957,11,,https://scontent-lga3-2.cdninstagram.com/v/t51.2885-15/382266481_686382253391980_6444361855036888256_n.jpg?stp=dst-jpg_e35&_nc_ht=scontent-lga3-2.cdninstagram.com&_nc_cat=104&_nc_ohc=hL1Ple5ubbQAX80o7WH&edm=APU89FABAAAA&ccb=7-5&oh=00_AfCuFpPQeRpkpxgWu1U1I5lU1d24Skhvoq3Vc_o2Qgredw&oe=652A2D38&_nc_sid=bc0c2c
stoopingnyc,post,3198929433070711953,"For those of you who have followed us for a while, a globe that opens into a bar (thus the Globe Bar) is one of our faves. Here is one getting wet on the corner of 135 and Adam Clayton Powell! #stooping",2023-09-24 13:28:46,None,https://www.instagram.com/p/Cxk4V7nuLSR,GraphImage,1,['stooping'],[],2225,26,,https://scontent-lga3-2.cdninstagram.com/v/t51.2885-15/381240943_689823206378471_1029018089977752112_n.jpg?stp=dst-jpg_e35_p1080x1080&_nc_ht=scontent-lga3-2.cdninstagram.com&_nc_cat=111&_nc_ohc=Hr0Ms5PtnXEAX_FR2sy&edm=APU89FABAAAA&ccb=7-5&oh=00_AfCzek7w2aGsbUnfpyaIaDrtKi0EjqPwjnj43I9RMWYe3A&oe=652986EB&_nc_sid=bc0c2c
stoopingnyc,post,3198490393880235238,Someone who knows about guitars please tell us more in the comments! 151 st and St Nicholas #stooping,2023-09-23 22:56:29,None,https://www.instagram.com/p/CxjUhEguwzm,GraphImage,1,['stooping'],[],1583,49,,https://scontent-lga3-1.cdninstagram.com/v/t51.2885-15/382388387_1725632491223870_1112782702069571783_n.jpg?stp=dst-jpg_e35_p1080x1080&_nc_ht=scontent-lga3-1.cdninstagram.com&_nc_cat=102&_nc_ohc=3TLiZNQ7kH8AX802yQi&edm=APU89FABAAAA&ccb=7-5&oh=00_AfAIelvKbRUAdZ9gwfxTkrmd_vAhyOP25W1BbkomEvLrNQ&oe=65288E63&_nc_sid=bc0c2c
stoopingnyc,post,3198208361438613557,"For a very specific decor need. Free cowboy art, Orchard st between Stanton and rivington  LES #stoopingnyc",2023-09-23 13:36:08,None,https://www.instagram.com/p/CxiUY9VO5A1,GraphImage,1,['stoopingnyc'],[],266,9,,https://scontent-lga3-2.cdninstagram.com/v/t51.2885-15/381264339_1091784101787545_5210652817476154216_n.jpg?stp=dst-jpg_e35&_nc_ht=scontent-lga3-2.cdninstagram.com&_nc_cat=105&_nc_ohc=YwtYAwQTMLAAX9nckKc&edm=APU89FABAAAA&ccb=7-5&oh=00_AfCFdcB171mSAVL5CdTkQPKTECKBjMazmCG3jLNbmGzHKw&oe=6528943C&_nc_sid=bc0c2c
stoopingnyc,post,3197768046793019488,The spin-offs absolutely nobody asked for. Woodbine and Seneca in Ridgewood. #stoopingqueens,2023-09-22 23:01:18,None,https://www.instagram.com/p/CxgwRiXMVBg,GraphImage,1,['stoopingqueens'],[],6854,83,,https://scontent-lga3-2.cdninstagram.com/v/t51.2885-15/382267634_6741817292530560_5124381136538071769_n.jpg?stp=dst-jpg_e35&_nc_ht=scontent-lga3-2.cdninstagram.com&_nc_cat=100&_nc_ohc=_GJuVX2l5DMAX_An6ss&edm=APU89FABAAAA&ccb=7-5&oh=00_AfCkTpnf5xXrpiTb2_beJqHSEpG1Mr7jEKfRuTQ7X4VVmg&oe=6529DA38&_nc_sid=bc0c2c
stoopingnyc,post,3197767130991939192,Still out there and confirmed to be in tune!!!! 666 bergen st. #stoopingbrooklyn,2023-09-22 22:59:29,None,https://www.instagram.com/p/CxgwENdMc54,GraphImage,1,['stoopingbrooklyn'],[],754,16,,https://scontent-lga3-1.cdninstagram.com/v/t51.2885-15/381539893_704866014789818_3418639662341006684_n.jpg?stp=dst-jpg_e35&_nc_ht=scontent-lga3-1.cdninstagram.com&_nc_cat=102&_nc_ohc=en2oxt6PFPUAX-iI3LM&edm=APU89FABAAAA&ccb=7-5&oh=00_AfCnD4AtEQWLcwGVT6542DeAyT8fefM82hCIaIDd7DWCxA&oe=652A2949&_nc_sid=bc0c2c
stoopingnyc,post,3197719268011247280,Why shop at target when everything you need is at the intersection of carroll and court by east one coffee. #stoopingbrooklyn,2023-09-22 21:24:23,None,https://www.instagram.com/p/CxglLtlO4aw,GraphImage,1,['stoopingbrooklyn'],[],2779,22,,https://scontent-lga3-2.cdninstagram.com/v/t51.2885-15/381532488_347221857874260_4704405346670974900_n.jpg?stp=dst-jpg_e35_s1080x1080&_nc_ht=scontent-lga3-2.cdninstagram.com&_nc_cat=100&_nc_ohc=ldw6OunwM_wAX_nWehS&edm=APU89FABAAAA&ccb=7-5&oh=00_AfAIto8DZS-K7lH_tcgL03ymHx_Oy-rWS8utEEmEkhucAw&oe=65299E23&_nc_sid=bc0c2c
stoopingnyc,post,3197718428269566762,Love!! Cabinet at 1st St and PPW in Park Slope. #stoopingbrooklyn,2023-09-22 21:22:43,None,https://www.instagram.com/p/Cxgk_fgulsq,GraphImage,1,['stoopingbrooklyn'],[],354,1,,https://scontent-lga3-1.cdninstagram.com/v/t51.2885-15/381464266_1501486473996914_6027832748652603162_n.jpg?stp=dst-jpg_e35_p1080x1080&_nc_ht=scontent-lga3-1.cdninstagram.com&_nc_cat=102&_nc_ohc=9J9z_muesNcAX9Z5lVj&edm=APU89FABAAAA&ccb=7-5&oh=00_AfCrzbGYav_oMq78IZZ1ttnxuljNMuuUT75o28Ypno1NXg&oe=652878C0&_nc_sid=bc0c2c
stoopingnyc,post,3197717866249488986,Take outfit planning to the next level. Outside 121 Ludlow Street! #stooping,2023-09-22 21:21:36,None,https://www.instagram.com/p/Cxgk3UFuIpa,GraphImage,1,['stooping'],[],271,9,,https://scontent-lga3-1.cdninstagram.com/v/t51.2885-15/381168259_1069194610664127_3747812786705536989_n.jpg?stp=dst-jpg_e35&_nc_ht=scontent-lga3-1.cdninstagram.com&_nc_cat=103&_nc_ohc=se81TJGaRI0AX8NaULh&edm=APU89FABAAAA&ccb=7-5&oh=00_AfD7i-Q1CGLsGHiXCEvi9wV4mQDZgW1CeSZwt841A6wmOQ&oe=6529BC3A&_nc_sid=bc0c2c
stoopingnyc,post,3197617265926831559,I know it says on sale‚Ä¶ but on stooping it‚Äôs free! But still BRAND NEW and in the box. 96 saint marks pl. #stooping,2023-09-22 18:01:44,None,https://www.instagram.com/p/CxgN_YvOX3H,GraphSidecar,2,['stooping'],[],1089,24,,https://scontent-lga3-2.cdninstagram.com/v/t51.2885-15/380698960_687954412882576_6145379979209141617_n.jpg?stp=dst-jpg_e35_p1080x1080&_nc_ht=scontent-lga3-2.cdninstagram.com&_nc_cat=104&_nc_ohc=5xB7wkVizf0AX_VKXIo&edm=APU89FABAAAA&ccb=7-5&oh=00_AfCrX0Nza_I51Ja_kPYkhKRe_GOxQJ_BdhRkTPIudSH3Gg&oe=6528C067&_nc_sid=bc0c2c
stoopingnyc,post,3197568778329818927,Living room starter pack! 286 Stanhope St. #stoopingbrooklyn,2023-09-22 16:25:24,None,https://www.instagram.com/p/CxgC9zJOocv,GraphImage,1,['stoopingbrooklyn'],[],363,4,,https://scontent-lga3-2.cdninstagram.com/v/t51.2885-15/382059649_832165071701215_4696209164297343723_n.jpg?stp=dst-jpg_e35&_nc_ht=scontent-lga3-2.cdninstagram.com&_nc_cat=107&_nc_ohc=iVDv4Q3wCjcAX88LEhM&edm=APU89FABAAAA&ccb=7-5&oh=00_AfAgnnzXsv16mh2mjzDEFOcGuuzzRaQbmlL1gFlDtZv2Fw&oe=65294583&_nc_sid=bc0c2c
stoopingnyc,post,3197525857043961548,The vintage playlist. On st marks between Rogers & Bedford Ave!! #stoopingbrooklyn,2023-09-22 15:00:07,None,https://www.instagram.com/p/Cxf5NNlO1bM,GraphImage,1,['stoopingbrooklyn'],[],1023,18,,https://scontent-lga3-2.cdninstagram.com/v/t51.2885-15/380691178_216867161155555_5528442792962387607_n.jpg?stp=dst-jpg_e35&_nc_ht=scontent-lga3-2.cdninstagram.com&_nc_cat=107&_nc_ohc=iDvt58U-Jb4AX9wAx-f&edm=APU89FABAAAA&ccb=7-5&oh=00_AfBSH1rnqioU7me7wwc8OWf6rf-AMbhwSJCp66EiwfdVdg&oe=65297446&_nc_sid=bc0c2c
stoopingnyc,post,3197525491334201504,She‚Äôs a cutie! Great couch between Vanderbilt and Underhill on Park Place! #stoopingbrooklyn,2023-09-22 14:59:23,None,https://www.instagram.com/p/Cxf5H4_O0Cg,GraphImage,1,['stoopingbrooklyn'],[],174,2,,https://scontent-lga3-1.cdninstagram.com/v/t51.2885-15/382376753_341150481814690_5761045472702711010_n.jpg?stp=dst-jpg_e35&_nc_ht=scontent-lga3-1.cdninstagram.com&_nc_cat=110&_nc_ohc=xh8e5zQtDFUAX-Vf_a1&edm=APU89FABAAAA&ccb=7-5&oh=00_AfBGYkV5IRgdU5s8wnldXGnNiwOzRSfOUPrLhXL_VzVAOA&oe=65286C35&_nc_sid=bc0c2c
stoopingnyc,post,3197507546356893953,Did someone say STOOP CONCERT?! vanderbilt & bergen st in brooklyn #stoopingbrooklyn,2023-09-22 14:23:44,None,https://www.instagram.com/p/Cxf1CwbO8kB,GraphImage,1,['stoopingbrooklyn'],[],583,12,,https://scontent-lga3-1.cdninstagram.com/v/t51.2885-15/380808289_1278184939525635_4959805992703058824_n.jpg?stp=dst-jpg_e35&_nc_ht=scontent-lga3-1.cdninstagram.com&_nc_cat=103&_nc_ohc=MJojFbQ8LesAX9n7QEw&edm=APU89FABAAAA&ccb=7-5&oh=00_AfDLhFEZ7M5JDlByrt0lXm4KmmGA27mlKwrkU5EIrCKWqg&oe=652943EB&_nc_sid=bc0c2c
stoopingnyc,post,3197506591154339546,"Tune in! On Clinton st. At the corner of Amity, Brooklyn #stoopingbrooklyn",2023-09-22 14:21:50,None,https://www.instagram.com/p/Cxf0020uX7a,GraphImage,1,['stoopingbrooklyn'],[],89,4,,https://scontent-lga3-2.cdninstagram.com/v/t51.2885-15/379778511_1338620246778625_8190300966511840246_n.jpg?stp=dst-jpg_e35&_nc_ht=scontent-lga3-2.cdninstagram.com&_nc_cat=101&_nc_ohc=4q1_1BxtPRIAX8nYchn&edm=APU89FABAAAA&ccb=7-5&oh=00_AfCn2aTIRBsNJ3u8qjjonSA1u0tuEGUf8Rvfo-S56pPFIg&oe=65289444&_nc_sid=bc0c2c
stoopingnyc,post,3197073288152334688,Love this! Douglass and Court st. #stoopingbrooklyn,2023-09-22 00:00:57,None,https://www.instagram.com/p/CxeSTd9NcFg,GraphImage,1,['stoopingbrooklyn'],[],348,3,,https://scontent-lga3-2.cdninstagram.com/v/t51.2885-15/380544489_1002230687651989_3875538268657000206_n.jpg?stp=dst-jpg_e35&_nc_ht=scontent-lga3-2.cdninstagram.com&_nc_cat=101&_nc_ohc=nX1P2p4oAowAX9-y7mg&edm=APU89FABAAAA&ccb=7-5&oh=00_AfCkYYBtsezXvk6Wn8KlEhileHAIAE2vM8QZamCUEoPu5A&oe=6528DD87&_nc_sid=bc0c2c
stoopingnyc,post,3197070012107220942,Ummm. Goooooo! #stooping,2023-09-21 23:54:26,None,https://www.instagram.com/p/CxeRjy5tGfO,GraphImage,1,['stooping'],[],3315,66,,https://scontent-lga3-2.cdninstagram.com/v/t51.2885-15/381537138_333851252392415_2958282966372591489_n.jpg?stp=dst-jpg_e35&_nc_ht=scontent-lga3-2.cdninstagram.com&_nc_cat=111&_nc_ohc=WyNEVuWqpjsAX-ib56I&edm=APU89FABAAAA&ccb=7-5&oh=00_AfC64ffzwshmkvqwmwJom3woI3TLwwY5-HrFka-q5B8BCQ&oe=65290091&_nc_sid=bc0c2c
stoopingnyc,post,3197059176147952469,From a few hours ago but too good not to post!! Hope it‚Äôs still there.  3516 34th St. West side #stoopingqueens,2023-09-21 23:32:54,None,https://www.instagram.com/p/CxePGHIM6NV,GraphImage,1,['stoopingqueens'],[],3939,22,,https://scontent-lga3-2.cdninstagram.com/v/t51.2885-15/380816626_857224149002407_1901612548243439224_n.jpg?stp=dst-jpg_e35_p1080x1080&_nc_ht=scontent-lga3-2.cdninstagram.com&_nc_cat=107&_nc_ohc=NhUjBJKx0qYAX--zCG_&edm=APU89FABAAAA&ccb=7-5&oh=00_AfDXDSWowwMD_vryTSDhybQqtT7CZg9Yfx1zHDOeT8kUxA&oe=65298E4B&_nc_sid=bc0c2c
stoopingnyc,post,3196963062724263688,Pardon my French but what the fuck is this? 58h and 9th in nyc . #stooping,2023-09-21 20:21:57,None,https://www.instagram.com/p/Cxd5PehuX8I,GraphImage,1,['stooping'],[],555,52,,https://scontent-lga3-2.cdninstagram.com/v/t51.2885-15/380752922_348776064157288_6504738049839541046_n.jpg?stp=dst-jpg_e35_p1080x1080&_nc_ht=scontent-lga3-2.cdninstagram.com&_nc_cat=104&_nc_ohc=rejWxqF4HdcAX_QH_0_&edm=APU89FABAAAA&ccb=7-5&oh=00_AfCcRUf_jyyjxrUm-f-UI4shYZNlPsteWG0f-8o8GqKZ3Q&oe=65297125&_nc_sid=bc0c2c
stoopingnyc,post,3196960509131407958,For anyone who has saved a hamster lately. 496 2nd street between 7th and 6th ave in brooklyn! #stooping,2023-09-21 20:16:52,None,https://www.instagram.com/p/Cxd4qUTusJW,GraphSidecar,2,['stooping'],[],439,7,,https://scontent-lga3-2.cdninstagram.com/v/t51.2885-15/380734429_194168223684911_1231973054899445220_n.jpg?stp=dst-jpg_e35_p1080x1080&_nc_ht=scontent-lga3-2.cdninstagram.com&_nc_cat=111&_nc_ohc=SnOVZYxBQAAAX8D_98_&edm=APU89FABAAAA&ccb=7-5&oh=00_AfCU280PYdkTmjzCyJaI2T3jErvAGdbsKFPHAHddxC1J9w&oe=65293570&_nc_sid=bc0c2c
stoopingnyc,post,3196926437961100221,This is either the other half of the skate ramp from the other day or the same one moved a bit. This one is on the corner of Clinton and congress. #stoopingbrooklyn,2023-09-21 19:09:11,None,https://www.instagram.com/p/Cxdw6hDueu9,GraphImage,1,['stoopingbrooklyn'],[],1047,50,,https://scontent-lga3-2.cdninstagram.com/v/t51.2885-15/380611471_1523733455035416_7421566429669300343_n.jpg?stp=dst-jpg_e35_p1080x1080&_nc_ht=scontent-lga3-2.cdninstagram.com&_nc_cat=100&_nc_ohc=KLb2zmz6rL8AX-tBVSq&edm=APU89FABAAAA&ccb=7-5&oh=00_AfACF7fyermkJz9rntNOuqKp8aYOf0C5QbxC5NCE-JCY8g&oe=6529BB1E&_nc_sid=bc0c2c
stoopingnyc,post,3196900621474665250,Definitely time to start a band. Bunch of keyboards on Duffield and Concord. #stoopingbrooklyn,2023-09-21 18:17:53,None,https://www.instagram.com/p/CxdrC1lORMi,GraphImage,1,['stoopingbrooklyn'],[],358,3,,https://scontent-lga3-2.cdninstagram.com/v/t51.2885-15/380528320_940764500804207_6722411503358443945_n.jpg?stp=dst-jpg_e35&_nc_ht=scontent-lga3-2.cdninstagram.com&_nc_cat=111&_nc_ohc=IbqndpWJiMEAX8ZmNes&edm=APU89FABAAAA&ccb=7-5&oh=00_AfDu8zp2Tek4pz2ZEhdGjs1cnt6ceKQS50Y3XXb6KOv7EA&oe=652931AF&_nc_sid=bc0c2c
stoopingnyc,post,3196899993369354131,"If the stooping success involves three wishes, do you think we could have one of them? Just think about it. In front of 442 14th st #stoopingbrooklyn",2023-09-21 18:16:38,None,https://www.instagram.com/p/Cxdq5snOp-T,GraphImage,1,['stoopingbrooklyn'],[],235,2,,https://scontent-lga3-1.cdninstagram.com/v/t51.2885-15/380851173_1475751879841618_5358422923456598705_n.jpg?stp=dst-jpg_e35&_nc_ht=scontent-lga3-1.cdninstagram.com&_nc_cat=110&_nc_ohc=GgwBXL0ednYAX9v2VWF&edm=APU89FABAAAA&ccb=7-5&oh=00_AfAoiCONt2_pryLsuAu5uykhhiYbD4mS38D7h1tASJaPaw&oe=652975F9&_nc_sid=bc0c2c
stoopingnyc,post,3196825159796871540,Two beauties for your Thursday pleasure.  146 20th st. #stoopingbrooklyn,2023-09-21 15:47:57,None,https://www.instagram.com/p/CxdZ4uauVF0,GraphImage,1,['stoopingbrooklyn'],[],262,7,,https://scontent-lga3-2.cdninstagram.com/v/t51.2885-15/380808291_984489959329661_6119618241543654648_n.jpg?stp=dst-jpg_e35&_nc_ht=scontent-lga3-2.cdninstagram.com&_nc_cat=105&_nc_ohc=u1ZbAK8rVL4AX88AfzL&edm=APU89FABAAAA&ccb=7-5&oh=00_AfAgWfeY9LLnQbP__nDdX39HmdVP7VX-hVaC7uuOzsynTw&oe=6528A918&_nc_sid=bc0c2c
stoopingnyc,post,3196394167789229356,MCM! W 57th and 10th ave. #stooping,2023-09-21 01:31:39,None,https://www.instagram.com/p/Cxb3491NRUs,GraphImage,1,['stooping'],[],590,10,,https://scontent-lga3-2.cdninstagram.com/v/t51.2885-15/381282102_850737499926499_2110530014306464219_n.jpg?stp=dst-jpg_e35&_nc_ht=scontent-lga3-2.cdninstagram.com&_nc_cat=107&_nc_ohc=qnZPtr6HNT4AX_2wJXg&edm=APU89FABAAAA&ccb=7-5&oh=00_AfChGTzPu_LXdSV46b_mFjo51DTN9DFXX03dNkpW8VFfDw&oe=652942E0&_nc_sid=bc0c2c
stoopingnyc,post,3196369592674380452,An imperfect match! 16th st and 1st Ave enterance to stuytown bulk pick up area #stooping,2023-09-21 00:42:50,None,https://www.instagram.com/p/CxbyTWeN2qk,GraphSidecar,2,['stooping'],[],219,3,,https://scontent-lga3-1.cdninstagram.com/v/t51.2885-15/381158953_1727215197725982_4461188490516643139_n.jpg?stp=dst-jpg_e35_p1080x1080&_nc_ht=scontent-lga3-1.cdninstagram.com&_nc_cat=106&_nc_ohc=kBULFfVEGDsAX-U1IHP&edm=APU89FABAAAA&ccb=7-5&oh=00_AfDxtXn87sIMXmx0CnQ4oWjrguitGT071egQVpCvje6KMw&oe=652A1A7A&_nc_sid=bc0c2c
stoopingnyc,post,3196311544882412477,For your modern farmhouse. On Lexington between 124 and 123 in Harlem #stooping,2023-09-20 22:47:30,None,https://www.instagram.com/p/CxblGpQMju9,GraphSidecar,2,['stooping'],[],193,4,,https://scontent-lga3-2.cdninstagram.com/v/t51.2885-15/380279723_275637648666131_7893010528157366268_n.jpg?stp=dst-jpg_e35&_nc_ht=scontent-lga3-2.cdninstagram.com&_nc_cat=111&_nc_ohc=iiTRx37WbikAX9gzoPb&edm=APU89FABAAAA&ccb=7-5&oh=00_AfBh-Wm7d_C2Y5W-NFFLWjHLxM0Mb3BxNdrX0QAS7g8gpA&oe=65292674&_nc_sid=bc0c2c
stoopingnyc,post,3196273257950685308,How pretty! Spotted on 25th b/n 2nd and 3rd #stooping,2023-09-20 21:31:26,None,https://www.instagram.com/p/CxbcZfxOyh8,GraphImage,1,['stooping'],[],390,10,,https://scontent-lga3-2.cdninstagram.com/v/t51.2885-15/379846891_6559472220756220_4930932213497227206_n.jpg?stp=dst-jpg_e35&_nc_ht=scontent-lga3-2.cdninstagram.com&_nc_cat=104&_nc_ohc=_Rb6ZFY5dOwAX8-cNqR&edm=APU89FABAAAA&ccb=7-5&oh=00_AfCu3XR97ps4Av3YEdvNVThJSYuaLpIfUIH1mFggBHdRwA&oe=652943EB&_nc_sid=bc0c2c
stoopingnyc,post,3196272932615355794,End of the month is coming!! Boxes!! Corner of 21st street and 44th rd LIC #stooping,2023-09-20 21:30:47,None,https://www.instagram.com/p/CxbcUwxu_2S,GraphImage,1,['stooping'],[],146,1,,https://scontent-lga3-2.cdninstagram.com/v/t51.2885-15/380472393_1115352592768120_6628794737789109042_n.jpg?stp=dst-jpg_e35&_nc_ht=scontent-lga3-2.cdninstagram.com&_nc_cat=104&_nc_ohc=ai9erTksY8kAX_Mw3fB&edm=APU89FABAAAA&ccb=7-5&oh=00_AfCLlF5uIrCfksfg8bulPWE1Lqur-tXYhybkYYk-5mnksg&oe=6529DBA6&_nc_sid=bc0c2c
stoopingnyc,post,3196248858701879526,Envy. 225 E 96th and 2nd. #stooping,2023-09-20 20:42:57,None,https://www.instagram.com/p/CxbW2cMrFjm,GraphImage,1,['stooping'],[],265,0,,https://scontent-lga3-1.cdninstagram.com/v/t51.2885-15/379996071_3095051917306162_3196065860785004186_n.jpg?stp=dst-jpg_e35&_nc_ht=scontent-lga3-1.cdninstagram.com&_nc_cat=110&_nc_ohc=IqICvSHcPZMAX914wxl&edm=APU89FABAAAA&ccb=7-5&oh=00_AfAzLEluqvsH61eyHNlj7wBZydzz3jqHsTJbUzbcQS-OWg&oe=65283A96&_nc_sid=bc0c2c
stoopingnyc,post,3196224686040364732,She‚Äôs beauty and she‚Äôs grace! Vernon Ave between Marcy and Tompkins in bed stuy! #stoopingbrooklyn,2023-09-20 19:54:55,None,https://www.instagram.com/p/CxbRWrpxTa8,GraphImage,1,['stoopingbrooklyn'],[],230,4,,https://scontent-lga3-2.cdninstagram.com/v/t51.2885-15/380973946_221867174201452_3565817773337790544_n.jpg?stp=dst-jpg_e35&_nc_ht=scontent-lga3-2.cdninstagram.com&_nc_cat=104&_nc_ohc=54HNTV1LuboAX8EpIno&edm=APU89FABAAAA&ccb=7-5&oh=00_AfATsWLTsJ93ZmTVGWu1AzIWGvjDXuK2iMZKrjNXlbmGbQ&oe=65287144&_nc_sid=bc0c2c
stoopingnyc,post,3196201298005594591,Your own waiting room! W 54th between 6th & 7th Ave. #stooping,2023-09-20 19:08:27,None,https://www.instagram.com/p/CxbMCV2RBHf,GraphImage,1,['stooping'],[],1592,20,,https://scontent-lga3-2.cdninstagram.com/v/t51.2885-15/380816341_1461852174607625_2401768366422884418_n.jpg?stp=dst-jpg_e35&_nc_ht=scontent-lga3-2.cdninstagram.com&_nc_cat=105&_nc_ohc=s0bQX9CLkykAX86IpVS&edm=APU89FABAAAA&ccb=7-5&oh=00_AfAYGbrv2_m3i1RoCMmped8kv5cIjmr6Ij9alt2J6Bm_9w&oe=652918D4&_nc_sid=bc0c2c
stoopingnyc,post,3196110057464657944,Stooping historians may tell us differently but we think this is our first skate ramp üòÇ. baltic between hicks and columbia. #stoopingbrooklyn,2023-09-20 16:07:11,None,https://www.instagram.com/p/Cxa3SneO_gY,GraphImage,1,['stoopingbrooklyn'],[],1615,55,,https://scontent-lga3-2.cdninstagram.com/v/t51.2885-15/380061979_859472385640896_3273145290753563499_n.jpg?stp=dst-jpg_e35_p1080x1080&_nc_ht=scontent-lga3-2.cdninstagram.com&_nc_cat=100&_nc_ohc=S_R9hBuSUpEAX8nMDW9&edm=APU89FABAAAA&ccb=7-5&oh=00_AfCqB8vdlOkE1PsWZhrh5EleKFpqdMXQdqGqBTOAn61kfQ&oe=65284F84&_nc_sid=bc0c2c
stoopingnyc,post,3196073125569334497,Oldie‚Ä¶hopefully a goodie. #stoopingbrooklyn,2023-09-20 14:53:48,None,https://www.instagram.com/p/Cxau5L9u4zh,GraphImage,1,['stoopingbrooklyn'],[],200,11,,https://scontent-lga3-1.cdninstagram.com/v/t51.2885-15/381073785_621629570131599_9074342162492008482_n.jpg?stp=dst-jpg_e35_p1080x1080&_nc_ht=scontent-lga3-1.cdninstagram.com&_nc_cat=103&_nc_ohc=sNT_JjMVSUQAX_OcqV7&edm=APU89FABAAAA&ccb=7-5&oh=00_AfDoCBeyLePNYUpuU5z4uO46AyUTKKz7TSqZbEzNR71dag&oe=652960F0&_nc_sid=bc0c2c
stoopingnyc,post,3195634806993402352,"Can‚Äôt tell exactly what this is. Coffee, table console table, something else? 118 W 95th St
#stooping",2023-09-20 00:22:56,None,https://www.instagram.com/p/CxZLOz-tznw,GraphImage,1,['stooping'],[],207,13,,https://scontent-lga3-2.cdninstagram.com/v/t51.2885-15/380780590_1335582303731905_7846560093344121000_n.jpg?stp=dst-jpg_e35_p1080x1080&_nc_ht=scontent-lga3-2.cdninstagram.com&_nc_cat=101&_nc_ohc=5nDMfi_Gv0IAX9n0rhX&edm=APU89FABAAAA&ccb=7-5&oh=00_AfCXbFLstaE2C5uabtLv94ZgiAB891MIdx9NE1Wp48UjPA&oe=652A29B1&_nc_sid=bc0c2c
stoopingnyc,post,3195632365245764788,"Great looking dresser.
Saint Marks btw Franklin and Bedford, Brooklyn #stoopingbrooklyn",2023-09-20 00:18:05,None,https://www.instagram.com/p/CxZKrR7NxS0,GraphImage,1,['stoopingbrooklyn'],[],151,0,,https://scontent-lga3-2.cdninstagram.com/v/t51.2885-15/380085423_2122241978126140_8920588047941978906_n.jpg?stp=dst-jpg_e35_p1080x1080&_nc_ht=scontent-lga3-2.cdninstagram.com&_nc_cat=104&_nc_ohc=JuPvUYYhukkAX8RPegR&edm=APU89FABAAAA&ccb=7-5&oh=00_AfBg-gzRz2jcNOMs8H6TmIB1VeHiTAQgqmcs1dh_6iDnZw&oe=6528C400&_nc_sid=bc0c2c
