Account,Post Type,Media ID,Caption,Date,Location,Post URL,Type Name,Media Count,Caption Hashtags,Caption Mentions,Likes,Comments,Title,URL,regex_street_address,ny_regex_street_address,regex_latitude,regex_longitude,regex_coordinates,caption cleaned,caption parts,burrough,lat_long_pairs,regex_distance,parsed_distance,regex_nearby,parsed_nearby
stoopingnyc,post,3235224575264006157,This gorgeous book shelf just went outside onto the stoop! Heavy!!! Between west end and riverside! #stooping,2023-11-13 15:20:44,"PostLocation(id=212988663, name='New York, New York', slug='new-york-new-york', has_public_page=True, lat=40.7142, lng=-74.0064)",https://www.instagram.com/p/Czl05w5OaAN,GraphImage,1,stooping,[],54,1,,https://scontent-lga3-1.cdninstagram.com/v/t51.2885-15/402107331_1284027945613244_2417296311962743550_n.jpg?stp=dst-jpg_e35&efg=eyJ2ZW5jb2RlX3RhZyI6ImltYWdlX3VybGdlbi44NTF4MTAwNi5zZHIifQ&_nc_ht=scontent-lga3-1.cdninstagram.com&_nc_cat=108&_nc_ohc=5fFDgVpssikAX_nr_fq&edm=ALQROFkBAAAA&ccb=7-5&ig_cache_key=MzIzNTIyNDU3NTI2NDAwNjE1Nw%3D%3D.2-ccb7-5&oh=00_AfBz_s0loGVUf73nOihtHup7u0dW7Sr3hCXdDbGWAR9AIA&oe=6556F64E&_nc_sid=fc8dfb,,,,,"nan, nan",This gorgeous book shelf just went outside onto the stoop! Heavy!!! Between west end and riverside! #stooping,"['This gorgeous book shelf just went outside onto the stoop', 'Heavy', 'Between west end and riverside', 'stooping']",New York City,[],,[],False,False
stoopingnyc,post,3234703144306557719,Pretty purple couch üíú! 28th St at 24th/23rd ave under the bridge #stoopingqueens,2023-11-12 22:06:27,"PostLocation(id=213104390, name='Queens, New York', slug='queens-new-york', has_public_page=True, lat=40.703545, lng=-73.921122)",https://www.instagram.com/p/Czj-V8eO0MX,GraphVideo,1,stoopingqueens,[],261,9,,https://scontent-lga3-2.cdninstagram.com/v/t51.2885-15/401660109_323992047047245_2799686306876905818_n.jpg?stp=dst-jpg_e15&_nc_ht=scontent-lga3-2.cdninstagram.com&_nc_cat=101&_nc_ohc=sy153gCZYSQAX9TwG0d&edm=AOQ1c0wBAAAA&ccb=7-5&oh=00_AfBCE49rULI2CwR_kTg1FTQGpclDHhpJGE5pUr10dbRmpg&oe=65541A76&_nc_sid=8b3546,,,,,"nan, nan",Pretty purple couch  ! 28th St at 24th 23rd ave under the bridge #stoopingqueens,"['Pretty purple couch', '28th St', '24th 23rd ave under the bridge', 'stoopingqueens']",Queens,[],,[],False,False
stoopingnyc,post,3234701669052241241,Tag a national lampoons fan! Right by the boundary of Brooklyn museum on Washington Ave. #stoopingbrooklyn,2023-11-12 22:01:49,"PostLocation(id=212950988, name='Brooklyn, New York', slug='brooklyn-new-york', has_public_page=True, lat=40.649973, lng=-73.949961)",https://www.instagram.com/p/Czj-AeiONVZ,GraphImage,1,stoopingbrooklyn,[],123,2,,https://scontent-lga3-1.cdninstagram.com/v/t51.2885-15/401687007_365105859214510_6758979490667020441_n.jpg?stp=dst-jpg_e35&efg=eyJ2ZW5jb2RlX3RhZyI6ImltYWdlX3VybGdlbi42MzZ4NjM2LnNkciJ9&_nc_ht=scontent-lga3-1.cdninstagram.com&_nc_cat=110&_nc_ohc=KKYpIud8Lg4AX8zuBJe&edm=ALQROFkBAAAA&ccb=7-5&ig_cache_key=MzIzNDcwMTY2OTA1MjI0MTI0MQ%3D%3D.2-ccb7-5&oh=00_AfA9fdECUXA-Tr9jTOcf96-umkQY3VFTgxO4y9BMaBSNiA&oe=6556FC6A&_nc_sid=fc8dfb,,,,,"nan, nan",Tag a national lampoons fan! Right by the boundary of Brooklyn museum on Washington Ave. #stoopingbrooklyn,"['Tag a national lampoons fan', 'Right by the boundary', 'Brooklyn museum', 'Washington Ave', 'stoopingbrooklyn']",Brooklyn,"[(40.6712062, -73.9636306), (40.17396, -80.2461714)]",,"[4.322342126010499, 331.2754265523837]",False,False
stoopingnyc,post,3234654292450769117,"Such a colorful Sunday on the stoops! Cute ikat covered chairs in front of 475 13th St., Brooklyn #stoopingbrooklyn",2023-11-12 20:27:41,"PostLocation(id=212950988, name='Brooklyn, New York', slug='brooklyn-new-york', has_public_page=True, lat=40.649973, lng=-73.949961)",https://www.instagram.com/p/CzjzPDouHjd,GraphImage,1,stoopingbrooklyn,[],377,6,,https://scontent-lga3-1.cdninstagram.com/v/t51.2885-15/401089960_883354679770374_2423428046441352993_n.jpg?stp=dst-jpg_e35&efg=eyJ2ZW5jb2RlX3RhZyI6ImltYWdlX3VybGdlbi43NTZ4NTY4LnNkciJ9&_nc_ht=scontent-lga3-1.cdninstagram.com&_nc_cat=106&_nc_ohc=uuzKE0oucUAAX9Ro6jf&edm=ALQROFkBAAAA&ccb=7-5&ig_cache_key=MzIzNDY1NDI5MjQ1MDc2OTExNw%3D%3D.2-ccb7-5&oh=00_AfC-_FGsakDbxHkHC2SH-FhMZi-_nxxKB1qmHNMHo-trTw&oe=6556CE47&_nc_sid=fc8dfb,475 13th St,"475 13th St, New York, New York",40.6629762,-73.980053,"40.6629762, -73.980053","Such a colorful Sunday on the stoops! Cute ikat covered chairs in front of 475 13th st, Brooklyn #stoopingbrooklyn","['Such a colorful Sunday', 'the stoops', 'Cute ikat covered chairs in front', '475 13th st', 'Brooklyn', 'stoopingbrooklyn']",Brooklyn,"[(40.2178384, -85.4336824), (40.6781784, -73.9441579)]",4.5427011743960275,"[602.983684958218, 4.514341438715545]",False,False
stoopingnyc,post,3234573619451048373,ü™¥ in search of a good home. Beach street between Greenwich and Hudson. #stooping,2023-11-12 17:47:24,"PostLocation(id=212988663, name='New York, New York', slug='new-york-new-york', has_public_page=True, lat=40.7142, lng=-74.0064)",https://www.instagram.com/p/Czjg5HDOrG1,GraphSidecar,2,stooping,[],212,4,,https://scontent-lga3-1.cdninstagram.com/v/t51.2885-15/401148146_1000299847704258_8083525789042839006_n.jpg?stp=dst-jpg_e35_s1080x1080&_nc_ht=scontent-lga3-1.cdninstagram.com&_nc_cat=106&_nc_ohc=H8eaPA2Qp84AX_xKfIa&edm=AOQ1c0wBAAAA&ccb=7-5&ig_cache_key=MzIzNDU3MzYxNDU2ODczODM5NQ%3D%3D.2-ccb7-5&oh=00_AfAgtNfr-VnguZP1LMPRsjt43nwZzocoZaa5Xi39yP75Fw&oe=655735CD&_nc_sid=8b3546,,,,,"nan, nan",  in search of a good home. Beach street between Greenwich and Hudson. #stooping,"['in search', 'a good home', 'Beach street between Greenwich and Hudson', 'stooping']",New York City,"[(-26.1925872, 27.8021504), (41.0262417, -73.6281964)]",,"[7961.279529063937, 28.46499234992383]",False,False
stoopingnyc,post,3234548293714914058,Does it come with lessons? free functional loom with slightly broken caster (can be fixed) sitting on the porch of 456 E 18th St in Brooklyn! It‚Äôs somewhat heavy (2 person job with vehicle). #stoopingbrooklyn,2023-11-12 16:57:05,"PostLocation(id=212950988, name='Brooklyn, New York', slug='brooklyn-new-york', has_public_page=True, lat=40.649973, lng=-73.949961)",https://www.instagram.com/p/CzjbIknuSsK,GraphSidecar,3,stoopingbrooklyn,[],6216,96,,https://scontent-lga3-2.cdninstagram.com/v/t51.2885-15/401586754_1811289342636201_3681803912435827293_n.jpg?stp=dst-jpg_e35_p1080x1080&_nc_ht=scontent-lga3-2.cdninstagram.com&_nc_cat=109&_nc_ohc=yxXv9qU0ZFMAX_6lurw&edm=AOQ1c0wBAAAA&ccb=7-5&ig_cache_key=MzIzNDU0ODI4NzczNDAwODAwNg%3D%3D.2-ccb7-5&oh=00_AfDx_sflj5uAyWMWran74JQO6erKnZ7AGZl76jNn79unRg&oe=6556E7E3&_nc_sid=8b3546,456 E 18th St in Brooklyn,"456 E 18th St in Brooklyn, New York, New York",40.6400084,-73.9615835,"40.6400084, -73.9615835",Does it come with lessons? free functional loom with slightly broken caster  can be fixed  sitting on the porch of 456 E 18th St in Brooklyn! It s somewhat heavy  2 person job with vehicle . #stoopingbrooklyn,"['Does it come with lessons', 'free functional loom with slightly broken caster', 'can be fixed', 'sitting', 'the porch', '456 E 18th St in Brooklyn', 'It s somewhat heavy', '2 person job with vehicle', 'stoopingbrooklyn']",Brooklyn,"[(40.6400084, -73.9615835)]",6.343849118303652,[6.343849118303652],False,False
stoopingnyc,post,3234419796002665403,The things we miss on a Saturday night in nyc. Amazing. And still turns. Infront of 174 w 85th st. #stooping,2023-11-12 12:41:47,"PostLocation(id=212988663, name='New York, New York', slug='new-york-new-york', has_public_page=True, lat=40.7142, lng=-74.0064)",https://www.instagram.com/p/Czi96rzOvO7,GraphSidecar,2,stooping,[],1064,18,,https://scontent-lga3-1.cdninstagram.com/v/t51.2885-15/401581136_356671203547755_5610960737691335856_n.jpg?stp=dst-jpg_e35&_nc_ht=scontent-lga3-1.cdninstagram.com&_nc_cat=103&_nc_ohc=PMTOV8CdsXUAX__SFgn&edm=AOQ1c0wBAAAA&ccb=7-5&ig_cache_key=MzIzNDQxOTc4OTY3NzU3OTEwOQ%3D%3D.2-ccb7-5&oh=00_AfAQrKWl1YhzISdyly1eqhIN7Kgogkje3nsKTVyVNBhsqA&oe=65572C6D&_nc_sid=8b3546,174 w 85th st,"174 w 85th st, New York, New York",40.7867891,-73.9753679,"40.7867891, -73.9753679",The things we miss on a Saturday night in nyc. Amazing. And still turns. Infront of 174 w 85th st #stooping,"['The things we miss', 'a Saturday night in nyc', 'Amazing', 'And still turns', 'Infront', '174 w 85th st', 'stooping']",New York City,"[(40.7127753, -74.0059728), (40.7867891, -73.9753679)]",4.373558265327005,"[0.9842339754045256, 4.373558265327005]",False,True
stoopingnyc,post,3233995838287522084,Just a causal bunch of Krups things. Columbia in between sackett and union. #stoopingbrooklyn,2023-11-11 22:39:28,,https://www.instagram.com/p/CzhdhSaOCkk,GraphImage,1,stoopingbrooklyn,[],793,2,,https://scontent-lga3-1.cdninstagram.com/v/t51.2885-15/400764783_1056492932093246_5349345454023229179_n.jpg?stp=dst-jpg_e35&efg=eyJ2ZW5jb2RlX3RhZyI6ImltYWdlX3VybGdlbi4xMTA0eDExMDQuc2RyIn0&_nc_ht=scontent-lga3-1.cdninstagram.com&_nc_cat=102&_nc_ohc=B7UzOPEV5sUAX9DDxz4&edm=ALQROFkBAAAA&ccb=7-5&ig_cache_key=MzIzMzk5NTgzODI4NzUyMjA4NA%3D%3D.2-ccb7-5&oh=00_AfCc0Adqy_qpZNi7de4AihSpdqpWA85ZksMRje2czOMdxA&oe=655645A4&_nc_sid=fc8dfb,,,,,"nan, nan",Just a causal bunch of Krups things. Columbia in between sackett and union. #stoopingbrooklyn,"['Just a causal bunch', 'Krups things', 'Columbia in between sackett and union', 'stoopingbrooklyn']",Brooklyn,"[(4.570868, -74.297333)]",,[2488.529328498726],False,False
stoopingnyc,post,3233988751012888318,This has been a great stooping day if we may say so ourselves! Cute desk/table at 106 and Central Park West. #stooping,2023-11-11 22:25:23,"PostLocation(id=212988663, name='New York, New York', slug='new-york-new-york', has_public_page=True, lat=40.7142, lng=-74.0064)",https://www.instagram.com/p/Czhb6J3u37-,GraphImage,1,stooping,[],1343,10,,https://scontent-lga3-2.cdninstagram.com/v/t51.2885-15/401560858_1396265294258491_2497028146256698578_n.jpg?stp=dst-jpg_e35&efg=eyJ2ZW5jb2RlX3RhZyI6ImltYWdlX3VybGdlbi4xMDMweDEwMzAuc2RyIn0&_nc_ht=scontent-lga3-2.cdninstagram.com&_nc_cat=107&_nc_ohc=2BZj9BBEEM0AX8SoeXZ&edm=ALQROFkBAAAA&ccb=7-5&ig_cache_key=MzIzMzk4ODc1MTAxMjg4ODMxOA%3D%3D.2-ccb7-5&oh=00_AfB02Am7zqa_fSezcTZPQh1xgnlKgjrDNOt3kKImIJbs8A&oe=65565ED4&_nc_sid=fc8dfb,106 and Central Park West,"106 and Central Park West, New York, New York",40.7980887,-73.9600227,"40.7980887, -73.9600227",This has been a great stooping day if we may say so ourselves! Cute desk table at 106 and Central Park West. #stooping,"['This has been a great stooping day if we may say so ourselves', 'Cute desk table', '106 and Central Park West', 'stooping']",New York City,"[(40.7753765, -73.976794)]",5.393264126556178,[3.6075496161186833],False,False
stoopingnyc,post,3233959373704864343,Anyone know a pregnant lady with a pool? (Actually think also for sleeping!). 123 Sherman. #stoopingbrooklyn,2023-11-11 21:27:01,"PostLocation(id=212950988, name='Brooklyn, New York', slug='brooklyn-new-york', has_public_page=True, lat=40.649973, lng=-73.949961)",https://www.instagram.com/p/CzhVOqHuSJX,GraphImage,1,stoopingbrooklyn,[],333,2,,https://scontent-lga3-2.cdninstagram.com/v/t51.2885-15/369834790_239012289194581_1456918523723096452_n.jpg?stp=dst-jpg_e35&efg=eyJ2ZW5jb2RlX3RhZyI6ImltYWdlX3VybGdlbi4xNDQweDE4MDAuc2RyIn0&_nc_ht=scontent-lga3-2.cdninstagram.com&_nc_cat=101&_nc_ohc=I2EHtr8VePAAX_wpJuJ&edm=ALQROFkBAAAA&ccb=7-5&ig_cache_key=MzIzMzk1OTM3MzcwNDg2NDM0Mw%3D%3D.2-ccb7-5&oh=00_AfCPxoY70iRjV5Ge6NLzYeOLvsnTKJ_Wzdzz6ip_qx6gEA&oe=65567BB0&_nc_sid=fc8dfb,123 Sherman,"123 Sherman, New York, New York",42.1592235,-79.5953258,"42.1592235, -79.5953258",Anyone know a pregnant lady with a pool?  Actually think also for sleeping! . 123 Sherman. #stoopingbrooklyn,"['Anyone know a pregnant lady with a pool', 'Actually think also for sleeping', '123 Sherman', 'stoopingbrooklyn']",Brooklyn,[],306.7479863981851,[],False,False
stoopingnyc,post,3233923057902438501,What in the name of the stoops is going on in bushwick today??? Cornelia street between broadway and bushwick ave. #stoopingbrooklyn,2023-11-11 20:14:51,"PostLocation(id=212950988, name='Brooklyn, New York', slug='brooklyn-new-york', has_public_page=True, lat=40.649973, lng=-73.949961)",https://www.instagram.com/p/CzhM-MZOEhl,GraphImage,1,stoopingbrooklyn,[],2570,66,,https://scontent-lga3-2.cdninstagram.com/v/t51.2885-15/400452142_1081974846144693_747633386486734890_n.jpg?stp=dst-jpg_e35&efg=eyJ2ZW5jb2RlX3RhZyI6ImltYWdlX3VybGdlbi4xMjk1eDE0MjIuc2RyIn0&_nc_ht=scontent-lga3-2.cdninstagram.com&_nc_cat=109&_nc_ohc=09RRggmsGNAAX8GqXd0&edm=ALQROFkBAAAA&ccb=7-5&ig_cache_key=MzIzMzkyMzA1NzkwMjQzODUwMQ%3D%3D.2-ccb7-5&oh=00_AfCLDsZRBq1MfCq2n9ECU1Oy_Ag6uyG8Q3ZpYdQb1K3joQ&oe=65578CEB&_nc_sid=fc8dfb,,,,,"nan, nan",What in the name of the stoops is going on in bushwick today??? Cornelia street between broadway and bushwick ave. #stoopingbrooklyn,"['What in the name', 'the stoops is going', 'in bushwick today', 'Cornelia street between broadway and bushwick ave', 'stoopingbrooklyn']",Brooklyn,"[(40.2178384, -85.4336824), (40.6957755, -73.9170604), (40.692626, -73.923672)]",,"[602.983684958218, 4.936108160505218, 4.729708861744746]",False,False
stoopingnyc,post,3233922385681547109,Yes please. cornelia street between broadway and bushwick ave #stoopingbrooklyn,2023-11-11 20:13:31,"PostLocation(id=212950988, name='Brooklyn, New York', slug='brooklyn-new-york', has_public_page=True, lat=40.649973, lng=-73.949961)",https://www.instagram.com/p/CzhM0aVu39l,GraphImage,1,stoopingbrooklyn,[],750,3,,https://scontent-lga3-2.cdninstagram.com/v/t51.2885-15/401793721_3714922135449605_4232906920238166801_n.jpg?stp=dst-jpg_e35&efg=eyJ2ZW5jb2RlX3RhZyI6ImltYWdlX3VybGdlbi4xMjg0eDEzOTguc2RyIn0&_nc_ht=scontent-lga3-2.cdninstagram.com&_nc_cat=105&_nc_ohc=Y0SvbgeVux8AX_CG_2Y&edm=ALQROFkBAAAA&ccb=7-5&ig_cache_key=MzIzMzkyMjM4NTY4MTU0NzEwOQ%3D%3D.2-ccb7-5&oh=00_AfApAbc1v_pXZMiyzBG4KsMrRXYrn-hNG8qQ8249UoQ2QQ&oe=6557B7EC&_nc_sid=fc8dfb,,,,,"nan, nan",Yes please. cornelia street between broadway and bushwick ave #stoopingbrooklyn,"['Yes please', 'cornelia street between broadway and bushwick ave', 'stoopingbrooklyn']",Brooklyn,"[(40.692626, -73.923672)]",,[4.729708861744746],False,False
stoopingnyc,post,3233834032902614022,Sherpa! Which we think sounds cozy. MacDougal and bleecker. #stooping,2023-11-11 17:17:59,"PostLocation(id=212988663, name='New York, New York', slug='new-york-new-york', has_public_page=True, lat=40.7142, lng=-74.0064)",https://www.instagram.com/p/Czg4utZuqwG,GraphImage,1,stooping,[],152,2,,https://scontent-lga3-1.cdninstagram.com/v/t51.2885-15/400361350_887399242647867_5910089380833624421_n.jpg?stp=dst-jpg_e35&efg=eyJ2ZW5jb2RlX3RhZyI6ImltYWdlX3VybGdlbi43Mzl4NzM5LnNkciJ9&_nc_ht=scontent-lga3-1.cdninstagram.com&_nc_cat=103&_nc_ohc=0dUkM8UUeDoAX8ZhpxS&edm=ALQROFkBAAAA&ccb=7-5&ig_cache_key=MzIzMzgzNDAzMjkwMjYxNDAyMg%3D%3D.2-ccb7-5&oh=00_AfDV4cSmT4O1ENCPVbheoFbL1hG16NHjXZzvQeLTms1OCw&oe=65570882&_nc_sid=fc8dfb,,,,,"nan, nan",Sherpa! Which we think sounds cozy. MacDougal and bleecker. #stooping,"['Sherpa', 'Which we think sounds cozy', 'MacDougal and bleecker', 'stooping']",New York City,"[(40.729187, -74.00119029999999)]",,[0.17576724601026467],False,True
stoopingnyc,post,3233833441002355853,This. Is. Awesome. On Harman between Irving and Knickerbocker #stoopingbrooklyn,2023-11-11 17:16:48,"PostLocation(id=212950988, name='Brooklyn, New York', slug='brooklyn-new-york', has_public_page=True, lat=40.649973, lng=-73.949961)",https://www.instagram.com/p/Czg4mGJuXyN,GraphSidecar,2,stoopingbrooklyn,[],941,19,,https://scontent-lga3-2.cdninstagram.com/v/t51.2885-15/400839314_3542557989365020_8257482835291404074_n.jpg?stp=dst-jpg_e35&_nc_ht=scontent-lga3-2.cdninstagram.com&_nc_cat=104&_nc_ohc=cbIB8tUqmuwAX99nUo1&edm=APU89FABAAAA&ccb=7-5&oh=00_AfDIfl7dc_TVC-npoLsU1KUpzRSdEdyET5NgQlCkyL_wsQ&oe=655698E9&_nc_sid=bc0c2c,,,,,"nan, nan",This. Is. Awesome. On Harman between Irving and Knickerbocker #stoopingbrooklyn,"['This', 'Is', 'Awesome', 'On Harman between Irving and Knickerbocker', 'stoopingbrooklyn']",Brooklyn,"[(32.8140177, -96.9488945)]",,[1379.6647955567576],False,False
stoopingnyc,post,3233830606541967040,‚ÄúWorks well. I‚Äôm just lazy‚Äù. Same. Same. Free working stationary bike! Underhill btwn st marks and Bergen. #stoopingbrooklyn,2023-11-11 17:11:10,"PostLocation(id=212950988, name='Brooklyn, New York', slug='brooklyn-new-york', has_public_page=True, lat=40.649973, lng=-73.949961)",https://www.instagram.com/p/Czg382WuE7A,GraphSidecar,2,stoopingbrooklyn,[],728,6,,https://scontent-lga3-2.cdninstagram.com/v/t51.2885-15/400353191_1459357664922621_8915861921657299339_n.jpg?stp=dst-jpg_e35_s1080x1080&_nc_ht=scontent-lga3-2.cdninstagram.com&_nc_cat=109&_nc_ohc=5cc4y_NOKksAX_lE2cS&edm=APU89FABAAAA&ccb=7-5&oh=00_AfACER9AM5Ah04Himv9a7QIMITO3VErSaGUZr3dmQ7oVVQ&oe=65574667&_nc_sid=bc0c2c,,,,,"nan, nan", Works well. I m just lazy . Same. Same. Free working stationary bike! Underhill btwn st marks and Bergen. #stoopingbrooklyn,"[' Works well', 'I m just lazy', 'Same', 'Same', 'Free working stationary bike', 'Underhill btwn st marks and Bergen', 'stoopingbrooklyn']",Brooklyn,"[(7.272179299999999, 80.5920615)]",,[8756.427300324802],False,False
stoopingnyc,post,3233805503783690705,Laser discs? I missed that era. Spotted on Bleecker between central and evergreen in bushwick. #stoopingbrooklyn,2023-11-11 16:21:18,"PostLocation(id=212950988, name='Brooklyn, New York', slug='brooklyn-new-york', has_public_page=True, lat=40.649973, lng=-73.949961)",https://www.instagram.com/p/CzgyPjluuHR,GraphImage,1,stoopingbrooklyn,[],1402,29,,https://scontent-lga3-1.cdninstagram.com/v/t51.2885-15/400417597_302399675972966_4238391796489243931_n.jpg?stp=dst-jpg_e35&efg=eyJ2ZW5jb2RlX3RhZyI6ImltYWdlX3VybGdlbi45NzJ4OTcyLnNkciJ9&_nc_ht=scontent-lga3-1.cdninstagram.com&_nc_cat=102&_nc_ohc=klP_h9nN9HUAX8zFwi7&edm=ALQROFkBAAAA&ccb=7-5&ig_cache_key=MzIzMzgwNTUwMzc4MzY5MDcwNQ%3D%3D.2-ccb7-5&oh=00_AfBm9Efq0tnHjyUFY6AzGgQfUFjVOKBRGkZ3Fn1Br8CyUQ&oe=65579048&_nc_sid=fc8dfb,,,,,"nan, nan",Laser discs? I missed that era. Spotted on Bleecker between central and evergreen in bushwick. #stoopingbrooklyn,"['Laser discs', 'I missed that era', 'Spotted', 'Bleecker between central and evergreen in bushwick', 'stoopingbrooklyn']",Brooklyn,"[(40.701617, -73.91485)]",,[4.883954393738958],False,False
stoopingnyc,post,3233320426737362438,Branding this a ‚Äúprecious piece‚Äù. 136 Adam Clayton powell  #stooping,2023-11-11 00:17:32,"PostLocation(id=212988663, name='New York, New York', slug='new-york-new-york', has_public_page=True, lat=40.7142, lng=-74.0064)",https://www.instagram.com/p/CzfD8wYseYG,GraphImage,1,stooping,[],249,3,,https://scontent-lga3-2.cdninstagram.com/v/t51.2885-15/400274163_650241570429100_5245252166098404410_n.jpg?stp=dst-jpg_e35&efg=eyJ2ZW5jb2RlX3RhZyI6ImltYWdlX3VybGdlbi4xMzMweDEzNzEuc2RyIn0&_nc_ht=scontent-lga3-2.cdninstagram.com&_nc_cat=104&_nc_ohc=D2GVlaRZD3AAX8hxl5f&edm=ALQROFkBAAAA&ccb=7-5&ig_cache_key=MzIzMzMyMDQyNjczNzM2MjQzOA%3D%3D.2-ccb7-5&oh=00_AfBlM8TESrerN0fzbVMFs_YE5evjkspjD0eXVtUebtrSxg&oe=6557F798&_nc_sid=fc8dfb,136 Adam Clayton powell,"136 Adam Clayton powell, New York, New York",40.8134373,-73.9451946,"40.8134373, -73.9451946",Branding this a  precious piece . 136 Adam Clayton powell  #stooping,"['Branding this a', 'precious piece', '136 Adam Clayton powell', 'stooping']",New York City,"[(54.1575196, 21.8843823)]",6.682964869799071,[4232.742643611179],False,False
stoopingnyc,post,3233165045130815158,Oh so pretty! N 5th and Wythe #stoopingbrooklyn,2023-11-10 19:08:49,"PostLocation(id=212950988, name='Brooklyn, New York', slug='brooklyn-new-york', has_public_page=True, lat=40.649973, lng=-73.949961)",https://www.instagram.com/p/Czegnp_O2a2,GraphImage,1,stoopingbrooklyn,[],251,0,,https://scontent-lga3-1.cdninstagram.com/v/t51.2885-15/369817306_354697153725598_2543407945631242041_n.jpg?stp=dst-jpg_e35&efg=eyJ2ZW5jb2RlX3RhZyI6ImltYWdlX3VybGdlbi4xMDA4eDEwMDguc2RyIn0&_nc_ht=scontent-lga3-1.cdninstagram.com&_nc_cat=110&_nc_ohc=jCEZBJxxwEcAX_ycqUn&edm=ALQROFkBAAAA&ccb=7-5&ig_cache_key=MzIzMzE2NTA0NTEzMDgxNTE1OA%3D%3D.2-ccb7-5&oh=00_AfAsB2RWELb4W5BuN8boVZ81LHaMZUCz6EN4Q49r-GezhQ&oe=6557630A&_nc_sid=fc8dfb,,,,,"nan, nan",Oh so pretty! N 5th and Wythe #stoopingbrooklyn,"['Oh so pretty', 'N 5th and Wythe', 'stoopingbrooklyn']",Brooklyn,"[(52.03668829999999, -1.8710551)]",,[3387.396624804194],False,False
stoopingnyc,post,3233050879137010707,Legit couch on Willoughby between waverly and Washington! #stoopingbrooklyn,2023-11-10 15:22:00,"PostLocation(id=212950988, name='Brooklyn, New York', slug='brooklyn-new-york', has_public_page=True, lat=40.649973, lng=-73.949961)",https://www.instagram.com/p/CzeGqUnudQT,GraphImage,1,stoopingbrooklyn,[],3345,56,,https://scontent-lga3-2.cdninstagram.com/v/t51.2885-15/400641791_359874409747453_8009462973389362748_n.jpg?stp=dst-jpg_e35&efg=eyJ2ZW5jb2RlX3RhZyI6ImltYWdlX3VybGdlbi43OTF4NzkxLnNkciJ9&_nc_ht=scontent-lga3-2.cdninstagram.com&_nc_cat=101&_nc_ohc=SkLxC2s47doAX9g5qJG&edm=ALQROFkBAAAA&ccb=7-5&ig_cache_key=MzIzMzA1MDg3OTEzNzAxMDcwNw%3D%3D.2-ccb7-5&oh=00_AfCWSYzkxqCllBMePcLm769Q6xyAO-HIecgPNUo34KYU3A&oe=65577C5B&_nc_sid=fc8dfb,,,,,"nan, nan",Legit couch on Willoughby between waverly and Washington! #stoopingbrooklyn,"['Legit couch', 'Willoughby between waverly and Washington', 'stoopingbrooklyn']",Brooklyn,"[(47.7510741, -120.7401386)]",,[2333.0147830144233],False,False
stoopingnyc,post,3232991020915915099,Good morning Stoopers! Some really nice chairs on woodward and bleecker in ridgewood! #stoopingqueens,2023-11-10 13:23:04,"PostLocation(id=213104390, name='Queens, New York', slug='queens-new-york', has_public_page=True, lat=40.703545, lng=-73.921122)",https://www.instagram.com/p/Czd5DRTuHlb,GraphImage,1,stoopingqueens,[],144,4,,https://scontent-lga3-1.cdninstagram.com/v/t51.2885-15/400006958_353903357041946_8185015689975611916_n.jpg?stp=dst-jpg_e35&efg=eyJ2ZW5jb2RlX3RhZyI6ImltYWdlX3VybGdlbi4xMDcyeDEwNzIuc2RyIn0&_nc_ht=scontent-lga3-1.cdninstagram.com&_nc_cat=102&_nc_ohc=y1bZ5hxOYPEAX_n9fsd&edm=ALQROFkBAAAA&ccb=7-5&ig_cache_key=MzIzMjk5MTAyMDkxNTkxNTA5OQ%3D%3D.2-ccb7-5&oh=00_AfBcjgTrQmt-2iFuKhEJgSL5-_I2Tj38sgRh0dBOhb695g&oe=65574A59&_nc_sid=fc8dfb,,,,,"nan, nan",Good morning Stoopers! Some really nice chairs on woodward and bleecker in ridgewood! #stoopingqueens,"['Good morning Stoopers', 'Some really nice chairs', 'woodward and bleecker in ridgewood', 'stoopingqueens']",Queens,"[(40.7030904, -73.9133417)]",,[4.923491863525135],False,False
stoopingnyc,post,3232636587505829516,So curious! Someone tell us more! In front of Amiri. 76 Greene St. #stooping,2023-11-10 01:38:52,"PostLocation(id=212988663, name='New York, New York', slug='new-york-new-york', has_public_page=True, lat=40.7142, lng=-74.0064)",https://www.instagram.com/p/CzcodleN0aM,GraphImage,1,stooping,[],1176,21,,https://scontent-lga3-1.cdninstagram.com/v/t51.2885-15/400414689_1023468075629438_862418929064121459_n.jpg?stp=dst-jpg_e35&efg=eyJ2ZW5jb2RlX3RhZyI6ImltYWdlX3VybGdlbi44MzF4ODMxLnNkciJ9&_nc_ht=scontent-lga3-1.cdninstagram.com&_nc_cat=102&_nc_ohc=jAZdabGjBfQAX-2jnmB&edm=ALQROFkBAAAA&ccb=7-5&ig_cache_key=MzIzMjYzNjU4NzUwNTgyOTUxNg%3D%3D.2-ccb7-5&oh=00_AfCBkhkER-HHgAGQ3JJX1r4jzYAJhIgSiW5ak1wdGwO7QA&oe=65574DA6&_nc_sid=fc8dfb,76 Greene St,"76 Greene St, New York, New York",40.7233557,-74.0006169,"40.7233557, -74.0006169",So curious! Someone tell us more! In front of Amiri. 76 Greene st #stooping,"['So curious', 'Someone tell us more', 'In front', 'Amiri', '76 Greene st', 'stooping']",New York City,"[(57.5663356, 39.82894530000001)]",0.23871901774867416,[4660.581419519924],True,False
stoopingnyc,post,3232317163657946006,Too much clownin around. @ Harman and Irving in Bushwick #stoopingbrooklyn,2023-11-09 15:04:14,"PostLocation(id=212950988, name='Brooklyn, New York', slug='brooklyn-new-york', has_public_page=True, lat=40.649973, lng=-73.949961)",https://www.instagram.com/p/Czbf1W1OuOW,GraphImage,1,stoopingbrooklyn,[],155,3,,https://scontent-lga3-1.cdninstagram.com/v/t51.2885-15/399466049_352759110611907_3638102361616798667_n.jpg?stp=dst-jpg_e35&efg=eyJ2ZW5jb2RlX3RhZyI6ImltYWdlX3VybGdlbi4xNDQweDE4MDAuc2RyIn0&_nc_ht=scontent-lga3-1.cdninstagram.com&_nc_cat=103&_nc_ohc=5XRFA0MuQEwAX_f8NO4&edm=ALQROFkBAAAA&ccb=7-5&ig_cache_key=MzIzMjMxNzE2MzY1Nzk0NjAwNg%3D%3D.2-ccb7-5&oh=00_AfD1pUuhPHSggTm072okHNXQYV5RIiyli92FGUUwbQET_Q&oe=65569DCB&_nc_sid=fc8dfb,,,,,"nan, nan",Too much clownin around. @ Harman and Irving in Bushwick #stoopingbrooklyn,"['Too much clownin around', '@ Harman and Irving in Bushwick', 'stoopingbrooklyn']",Brooklyn,"[(40.6957755, -73.9170604)]",,[4.936108160505218],False,False
stoopingnyc,post,3232312118413621803,A danish modern throne. In front of Lobo 218 Court btwn Warren/Baltic #stoopingbrooklyn,2023-11-09 14:54:12,"PostLocation(id=212950988, name='Brooklyn, New York', slug='brooklyn-new-york', has_public_page=True, lat=40.649973, lng=-73.949961)",https://www.instagram.com/p/Czber8FO_or,GraphImage,1,stoopingbrooklyn,[],272,2,,https://scontent-lga3-2.cdninstagram.com/v/t51.2885-15/399931949_284709821208959_4802013113098103864_n.jpg?stp=dst-jpg_e35&efg=eyJ2ZW5jb2RlX3RhZyI6ImltYWdlX3VybGdlbi41Mjd4NTI3LnNkciJ9&_nc_ht=scontent-lga3-2.cdninstagram.com&_nc_cat=111&_nc_ohc=rLWRE5fA5hoAX-W35KO&edm=ALQROFkBAAAA&ccb=7-5&ig_cache_key=MzIzMjMxMjExODQxMzYyMTgwMw%3D%3D.2-ccb7-5&oh=00_AfBkbuGSq8NDYGocla-aJ4-kwYI2qnuJhpkX7HWgEzfGsA&oe=655818BF&_nc_sid=fc8dfb,218 Court btwn Warren,"218 Court btwn Warren, New York, New York",40.7127753,-74.0059728,"40.7127753, -74.0059728",A danish modern throne. In front of Lobo 218 Court btwn Warren Baltic #stoopingbrooklyn,"['A danish modern throne', 'In front', 'Lobo 218 Court btwn Warren Baltic', 'stoopingbrooklyn']",Brooklyn,"[(56.26392, 9.501785), (59.4123264, 24.605671)]",0.9842339754045256,"[3729.3301624112114, 4138.931205964788]",True,False
stoopingnyc,post,3231952168377773885,Lookin real nice! 81st between first in second #stooping,2023-11-09 02:59:03,"PostLocation(id=212988663, name='New York, New York', slug='new-york-new-york', has_public_page=True, lat=40.7142, lng=-74.0064)",https://www.instagram.com/p/CzaM1-fNe89,GraphImage,1,stooping,[],130,1,,https://scontent-lga3-2.cdninstagram.com/v/t51.2885-15/400527449_24116853337959235_6156183701042184951_n.jpg?stp=dst-jpg_e35&efg=eyJ2ZW5jb2RlX3RhZyI6ImltYWdlX3VybGdlbi4xMTEyeDExMjcuc2RyIn0&_nc_ht=scontent-lga3-2.cdninstagram.com&_nc_cat=107&_nc_ohc=22F0qjJCsHMAX9YQAuJ&edm=ALQROFkBAAAA&ccb=7-5&ig_cache_key=MzIzMTk1MjE2ODM3Nzc3Mzg4NQ%3D%3D.2-ccb7-5&oh=00_AfDt6hSrqu7TsOOLVfKhfzVniUSmHTQDoyZtph6IBAjDNA&oe=6557EFDD&_nc_sid=fc8dfb,,,,,"nan, nan",Lookin real nice! 81st between first in second #stooping,"['Lookin real nice', '81st between first in second', 'stooping']",New York City,[],,[],False,False
stoopingnyc,post,3231765663885924387,Stooper staple! Just spotted on 35th between lex & 3rd Ave #stoopingnyc,2023-11-08 20:48:30,"PostLocation(id=212988663, name='New York, New York', slug='new-york-new-york', has_public_page=True, lat=40.7142, lng=-74.0064)",https://www.instagram.com/p/CzZib-pOZgj,GraphImage,1,stoopingnyc,[],204,2,,https://scontent-lga3-2.cdninstagram.com/v/t51.2885-15/399895860_323609747109996_999376581403140218_n.jpg?stp=dst-jpg_e35&efg=eyJ2ZW5jb2RlX3RhZyI6ImltYWdlX3VybGdlbi43MDB4NzAwLnNkciJ9&_nc_ht=scontent-lga3-2.cdninstagram.com&_nc_cat=100&_nc_ohc=wbRN7b4WmJsAX-qY8DM&edm=ALQROFkBAAAA&ccb=7-5&ig_cache_key=MzIzMTc2NTY2Mzg4NTkyNDM4Nw%3D%3D.2-ccb7-5&oh=00_AfCIzDwceuxMcwAci5wX_toqTIAWQrLmKGR9mizPf-eiHw&oe=655764EC&_nc_sid=fc8dfb,,,,,"nan, nan",Stooper staple! Just spotted on 35th between lex & 3rd Ave #stoopingnyc,"['Stooper staple', 'Just spotted', '35th between lex & 3rd Ave', 'stoopingnyc']",New York City,"[(42.0295181, -91.57443320000002)]",,[916.1954820999374],False,False
stoopingnyc,post,3231764776463586887,Pretty in pink üíì Two chairs in great condition and one ottoman in mediocre condition on CPW between 98th and 100th #stoopingnyc,2023-11-08 20:46:44,"PostLocation(id=212988663, name='New York, New York', slug='new-york-new-york', has_public_page=True, lat=40.7142, lng=-74.0064)",https://www.instagram.com/p/CzZiPEKu1ZH,GraphImage,1,stoopingnyc,[],1847,17,,https://scontent-lga3-2.cdninstagram.com/v/t51.2885-15/400194530_335011392451807_5027640455948630059_n.jpg?stp=dst-jpg_e35&efg=eyJ2ZW5jb2RlX3RhZyI6ImltYWdlX3VybGdlbi42Njh4NjMxLnNkciJ9&_nc_ht=scontent-lga3-2.cdninstagram.com&_nc_cat=107&_nc_ohc=rMp87iKYz7EAX8SBeZn&edm=ALQROFkBAAAA&ccb=7-5&ig_cache_key=MzIzMTc2NDc3NjQ2MzU4Njg4Nw%3D%3D.2-ccb7-5&oh=00_AfCAkbyyxEOl7fQ8bqi5_qfU7ojxxL1bsZDvXmBREcPQkg&oe=65581D38&_nc_sid=fc8dfb,,,,,"nan, nan",Pretty in pink   Two chairs in great condition and one ottoman in mediocre condition on CPW between 98th and 100th #stoopingnyc,"['Pretty in pink', 'Two chairs in great condition and one ottoman in mediocre condition', 'CPW between 98th and 100th', 'stoopingnyc']",New York City,[],,[],False,False
stoopingnyc,post,3231662215974674475,"Eat your heart out @leomessi ! On 9th st, between Ave C And D #stoopingnyc",2023-11-08 17:22:58,"PostLocation(id=212988663, name='New York, New York', slug='new-york-new-york', has_public_page=True, lat=40.7142, lng=-74.0064)",https://www.instagram.com/p/CzZK6nROOAr,GraphImage,1,stoopingnyc,['leomessi'],205,0,,https://scontent-lga3-2.cdninstagram.com/v/t51.2885-15/399522647_1352124402362832_2417526568720325893_n.jpg?stp=dst-jpg_e35&efg=eyJ2ZW5jb2RlX3RhZyI6ImltYWdlX3VybGdlbi42MzR4NjM0LnNkciJ9&_nc_ht=scontent-lga3-2.cdninstagram.com&_nc_cat=100&_nc_ohc=fNsbIiE4r_cAX92PAoG&edm=ALQROFkBAAAA&ccb=7-5&ig_cache_key=MzIzMTY2MjIxNTk3NDY3NDQ3NQ%3D%3D.2-ccb7-5&oh=00_AfDQVmXLjNTheV2Ht_CyAf_WF5tZqy1yZ-WapS2Fg1taBQ&oe=6556D428&_nc_sid=fc8dfb,,,,,"nan, nan","Eat your heart out @leomessi ! On 9th st, between Ave C And D #stoopingnyc","['Eat your heart out @leomessi', 'On 9th st', 'between Ave C And D', 'stoopingnyc']",New York City,[],,[],False,False
stoopingnyc,post,3231659715968196223,Choose love‚Ä¶and this sofa. Columbia and Kane street #stoopingbrooklyn,2023-11-08 17:18:00,"PostLocation(id=212950988, name='Brooklyn, New York', slug='brooklyn-new-york', has_public_page=True, lat=40.649973, lng=-73.949961)",https://www.instagram.com/p/CzZKWO9OV5_,GraphImage,1,stoopingbrooklyn,[],314,4,,https://scontent-lga3-2.cdninstagram.com/v/t51.2885-15/400154506_351287580591780_6444630941718037930_n.jpg?stp=dst-jpg_e35&efg=eyJ2ZW5jb2RlX3RhZyI6ImltYWdlX3VybGdlbi4xMDUzeDEzMTcuc2RyIn0&_nc_ht=scontent-lga3-2.cdninstagram.com&_nc_cat=100&_nc_ohc=P1QfiDCerBcAX8Uhjgx&edm=ALQROFkBAAAA&ccb=7-5&ig_cache_key=MzIzMTY1OTcxNTk2ODE5NjIyMw%3D%3D.2-ccb7-5&oh=00_AfB_6KPG7PyvhcBbkmD8nO5tI-96tj6fCZN-gjQni6tB9w&oe=6556DD69&_nc_sid=fc8dfb,,,,,"nan, nan",Choose love and this sofa. Columbia and Kane street #stoopingbrooklyn,"['Choose love and this sofa', 'Columbia and Kane street', 'stoopingbrooklyn']",Brooklyn,"[(47.43871937211972, -120.8228860820784)]",,[2339.0832668455196],False,False
stoopingnyc,post,3231628300580873813,"More free dog/cat stuff via @ps9pets 
North 9th between Bedford and Driggs in Williamsburg #stoopingbrooklyn",2023-11-08 16:15:35,"PostLocation(id=212950988, name='Brooklyn, New York', slug='brooklyn-new-york', has_public_page=True, lat=40.649973, lng=-73.949961)",https://www.instagram.com/p/CzZDNFGOOZV,GraphImage,1,stoopingbrooklyn,['ps9pets'],1089,11,,https://scontent-lga3-2.cdninstagram.com/v/t51.2885-15/399679935_7346613488705905_6748769542371059826_n.jpg?stp=dst-jpg_e35&efg=eyJ2ZW5jb2RlX3RhZyI6ImltYWdlX3VybGdlbi4xNDQweDE4MDAuc2RyIn0&_nc_ht=scontent-lga3-2.cdninstagram.com&_nc_cat=101&_nc_ohc=Q8yv2oRdLkYAX-ULetr&edm=ALQROFkBAAAA&ccb=7-5&ig_cache_key=MzIzMTYyODMwMDU4MDg3MzgxMw%3D%3D.2-ccb7-5&oh=00_AfBs1aAv36KU82qLKuhWaMp1wHjWndWyeiqNNePJQVUP6Q&oe=6556A577&_nc_sid=fc8dfb,,,,,"nan, nan",More free dog cat stuff via @ps9pets  North 9th between Bedford and Driggs in Williamsburg #stoopingbrooklyn,"['More free dog cat stuff via @ps9pets', 'North 9th between Bedford and Driggs in Williamsburg', 'stoopingbrooklyn']",Brooklyn,"[(40.7187075, -73.95598629999999), (39.8701541, -86.0924105)]",,"[2.4693441307675554, 640.954393536007]",False,False
stoopingnyc,post,3231620624761240166,Full box of new wine glasses. 183 terrace. #stoopingbrooklyn,2023-11-08 16:00:20,"PostLocation(id=212950988, name='Brooklyn, New York', slug='brooklyn-new-york', has_public_page=True, lat=40.649973, lng=-73.949961)",https://www.instagram.com/p/CzZBdYbuDpm,GraphImage,1,stoopingbrooklyn,[],267,9,,https://scontent-lga3-2.cdninstagram.com/v/t51.2885-15/399659382_307485088755112_3627075352432633991_n.jpg?stp=dst-jpg_e35&efg=eyJ2ZW5jb2RlX3RhZyI6ImltYWdlX3VybGdlbi4xNDQweDE1MDguc2RyIn0&_nc_ht=scontent-lga3-2.cdninstagram.com&_nc_cat=104&_nc_ohc=p8Y1dy80JXkAX-3SPWA&edm=ALQROFkBAAAA&ccb=7-5&ig_cache_key=MzIzMTYyMDYyNDc2MTI0MDE2Ng%3D%3D.2-ccb7-5&oh=00_AfB_iDaI_UTHqzvdO-IlqeBG1qPawADMLzlkEZcPfkzTAg&oe=65575C88&_nc_sid=fc8dfb,183 terrace,"183 terrace, New York, New York",40.7277809,-73.7857146,"40.7277809, -73.7857146",Full box of new wine glasses. 183 terrace. #stoopingbrooklyn,"['Full box', 'new wine glasses', '183 terrace', 'stoopingbrooklyn']",Brooklyn,"[(34.9931329, 135.6888199)]",11.345505318482028,[6890.145083894454],False,False
stoopingnyc,post,3231575839157767179,Anyone in need of a casual snake lamp?! You‚Äôve come to the right place‚Ä¶17th and 7th #stooping,2023-11-08 14:31:21,,https://www.instagram.com/p/CzY3Rqlu8wL,GraphImage,1,stooping,[],1782,42,,https://scontent-lga3-1.cdninstagram.com/v/t51.2885-15/400058402_714940543822148_4554120408925732924_n.jpg?stp=dst-jpg_e35&efg=eyJ2ZW5jb2RlX3RhZyI6ImltYWdlX3VybGdlbi4xMDUzeDEzMTcuc2RyIn0&_nc_ht=scontent-lga3-1.cdninstagram.com&_nc_cat=108&_nc_ohc=5o4_c51OMY0AX_OHAX1&edm=ALQROFkBAAAA&ccb=7-5&ig_cache_key=MzIzMTU3NTgzOTE1Nzc2NzE3OQ%3D%3D.2-ccb7-5&oh=00_AfAZ2vmdH4NVoIC5s-DIxNDzyphO9rYtBcoK-b538QwJxQ&oe=65569117&_nc_sid=fc8dfb,,,,,"nan, nan",Anyone in need of a casual snake lamp?! You ve come to the right place 17th and 7th #stooping,"['Anyone in need', 'a casual snake lamp', 'You ve come to the right place 17th and 7th', 'stooping']",New York City,"[(-15.3636353, -70.36675919999999)]",,[3865.4324347653487],False,False
stoopingnyc,post,3231268202972674550,"What IS THIS?! 25-49 12th St, near the corner of 12th Street and 26th Ave in Astoria #stoopingqueens",2023-11-08 04:20:08,"PostLocation(id=213104390, name='Queens, New York', slug='queens-new-york', has_public_page=True, lat=40.703545, lng=-73.921122)",https://www.instagram.com/p/CzXxU-EM3n2,GraphImage,1,stoopingqueens,[],558,26,,https://scontent-lga3-2.cdninstagram.com/v/t51.2885-15/399447281_1065629378007577_6089598029961919299_n.jpg?stp=dst-jpg_e35&efg=eyJ2ZW5jb2RlX3RhZyI6ImltYWdlX3VybGdlbi4xMDUzeDEzMTcuc2RyIn0&_nc_ht=scontent-lga3-2.cdninstagram.com&_nc_cat=101&_nc_ohc=xa_AOoNvhAIAX_JM-TC&edm=ALQROFkBAAAA&ccb=7-5&ig_cache_key=MzIzMTI2ODIwMjk3MjY3NDU1MA%3D%3D.2-ccb7-5&oh=00_AfBW-zFvud8Sts4spTgr4xYW15SRRUrS3V_aqrsfp1ONGg&oe=655695EA&_nc_sid=fc8dfb,49 12th St,"49 12th St, New York, New York",40.7674343,-73.9342228,"40.7674343, -73.9342228","What IS THIS?! 25 49 12th St, near the corner of 12th Street and 26th Ave in Astoria #stoopingqueens","['What IS THIS', '25 49 12th St', 'near the corner', '12th Street and 26th Ave in Astoria', 'stoopingqueens']",Queens,"[(40.7751779, -73.9290619)]",4.527277549516883,[5.07741441782649],False,False
stoopingnyc,post,3231082263327971666,For a specific aesthetic‚Ä¶506 West 170th Street #stoopingnyc,2023-11-07 22:10:42,"PostLocation(id=212988663, name='New York, New York', slug='new-york-new-york', has_public_page=True, lat=40.7142, lng=-74.0064)",https://www.instagram.com/p/CzXHDMRuplS,GraphImage,1,stoopingnyc,[],187,2,,https://scontent-lga3-2.cdninstagram.com/v/t51.2885-15/400249247_643213557895648_7085453173933960808_n.jpg?stp=dst-jpg_e35&efg=eyJ2ZW5jb2RlX3RhZyI6ImltYWdlX3VybGdlbi41NTF4NTUxLnNkciJ9&_nc_ht=scontent-lga3-2.cdninstagram.com&_nc_cat=104&_nc_ohc=jrgsaXlWLWsAX94_wG_&edm=ALQROFkBAAAA&ccb=7-5&ig_cache_key=MzIzMTA4MjI2MzMyNzk3MTY2Ng%3D%3D.2-ccb7-5&oh=00_AfA_FrnqsBLbFyesr9X1lqmIko2b7PZoL5OsBNbJrELKBw&oe=655770A5&_nc_sid=fc8dfb,506 West 170th Street,"506 West 170th Street, New York, New York",40.8411966,-73.9368654,"40.8411966, -73.9368654",For a specific aesthetic 506 West 170th Street #stoopingnyc,"['For a specific aesthetic 506 West 170th Street', 'stoopingnyc']",New York City,"[(40.8411966, -73.9368654)]",8.605011230885417,[8.605011230885417],False,False
stoopingnyc,post,3230995682315211262,Stoopers‚Ä¶this is a 911 situation involving an English phone booth üö® ! Reach out to @farmersmarketdish directly if you can help take this beautiful thing away!,2023-11-07 19:18:41,,https://www.instagram.com/p/CzWzXRbOBH-,GraphImage,1,,['farmersmarketdish'],8494,294,,https://scontent-lga3-2.cdninstagram.com/v/t51.2885-15/399830041_1066307831041645_398038405399037302_n.jpg?stp=dst-jpg_e35&efg=eyJ2ZW5jb2RlX3RhZyI6ImltYWdlX3VybGdlbi43OTR4ODgyLnNkciJ9&_nc_ht=scontent-lga3-2.cdninstagram.com&_nc_cat=101&_nc_ohc=2xEaPPUv3E4AX9mZrs_&edm=ALQROFkBAAAA&ccb=7-5&ig_cache_key=MzIzMDk5NTY4MjMxNTIxMTI2Mg%3D%3D.2-ccb7-5&oh=00_AfBqiqb5tlB1HxIx1YXtiz5zQzjWbg4ISwIzVV9b7ukA6g&oe=6556686C&_nc_sid=fc8dfb,911 situation involving an English phone booth,"911 situation involving an English phone booth, New York, New York",40.7705719,-73.9493456,"40.7705719, -73.9493456",Stoopers this is a 911 situation involving an English phone booth   ! Reach out to @farmersmarketdish directly if you can help take this beautiful thing away!,"['Stoopers this is a 911 situation involving an English phone booth', 'Reach out to @farmersmarketdish directly if you can help take this beautiful thing away!']",,[],4.093637104377787,[],False,False
stoopingnyc,post,3230987012571424569,TAG someone who could use this! #stoopingbrooklyn,2023-11-07 19:01:28,"PostLocation(id=212950988, name='Brooklyn, New York', slug='brooklyn-new-york', has_public_page=True, lat=40.649973, lng=-73.949961)",https://www.instagram.com/p/CzWxZHGOGc5,GraphImage,1,stoopingbrooklyn,[],557,20,,https://scontent-lga3-2.cdninstagram.com/v/t51.2885-15/399291852_228286100110279_749966034466710547_n.jpg?stp=dst-jpg_e35&efg=eyJ2ZW5jb2RlX3RhZyI6ImltYWdlX3VybGdlbi44OTl4MTEyNC5zZHIifQ&_nc_ht=scontent-lga3-2.cdninstagram.com&_nc_cat=107&_nc_ohc=gaGBKSiHy7UAX8ZtRQj&edm=ALQROFkBAAAA&ccb=7-5&ig_cache_key=MzIzMDk4NzAxMjU3MTQyNDU2OQ%3D%3D.2-ccb7-5&oh=00_AfCpVw0hjfFxfNGYJ7NwYKC_UAeuT88OkKklR_Mpc277lQ&oe=6556E021&_nc_sid=fc8dfb,,,,,"nan, nan",TAG someone who could use this! #stoopingbrooklyn,"['TAG someone who could use this', 'stoopingbrooklyn']",Brooklyn,[],,[],False,False
stoopingnyc,post,3230947825399103099,Corner office with a view. W. 11 between 7th Ave South and Waverly Pl #stoopingnyc,2023-11-07 17:43:36,"PostLocation(id=212988663, name='New York, New York', slug='new-york-new-york', has_public_page=True, lat=40.7142, lng=-74.0064)",https://www.instagram.com/p/CzWoe3Mu_57,GraphImage,1,stoopingnyc,[],150,1,,https://scontent-lga3-2.cdninstagram.com/v/t51.2885-15/400027466_1085636992789176_7158739965879193643_n.jpg?stp=dst-jpg_e35&efg=eyJ2ZW5jb2RlX3RhZyI6ImltYWdlX3VybGdlbi40NDZ4NDMyLnNkciJ9&_nc_ht=scontent-lga3-2.cdninstagram.com&_nc_cat=100&_nc_ohc=Rxz9EgcHCF4AX-8SofG&edm=ALQROFkBAAAA&ccb=7-5&ig_cache_key=MzIzMDk0NzgyNTM5OTEwMzA5OQ%3D%3D.2-ccb7-5&oh=00_AfCvESZuMrfF8TS6J1B_0WmjsFOBlJRFwpw5IgdluD1L6w&oe=6557E73C&_nc_sid=fc8dfb,11 between 7th Ave South and Waverly Pl,"11 between 7th Ave South and Waverly Pl, New York, New York",40.7355599,-74.0016979,"40.7355599, -74.0016979",Corner office with a view. W. 11 between 7th Ave South and Waverly Pl #stoopingnyc,"['Corner office with a view', 'W', '11 between 7th Ave South and Waverly Pl', 'stoopingnyc']",New York City,"[(26.2096194, 50.5753419), (40.7324992, -73.9987003)]",0.6122278336842678,"[6618.371500846798, 0.43351543748378873]",True,True
stoopingnyc,post,3230947315379924583,The Container Store‚Ä¶.but make it stooping! In front of 110 east 55th between Park and Lexington Aves #stoopingnyc,2023-11-07 17:42:35,"PostLocation(id=212988663, name='New York, New York', slug='new-york-new-york', has_public_page=True, lat=40.7142, lng=-74.0064)",https://www.instagram.com/p/CzWoXcNOO5n,GraphImage,1,stoopingnyc,[],250,1,,https://scontent-lga3-2.cdninstagram.com/v/t51.2885-15/399660669_2112537419101463_6608813646831507074_n.jpg?stp=dst-jpg_e35&efg=eyJ2ZW5jb2RlX3RhZyI6ImltYWdlX3VybGdlbi41MTB4NTEwLnNkciJ9&_nc_ht=scontent-lga3-2.cdninstagram.com&_nc_cat=111&_nc_ohc=f7_lVrt0TbEAX-2p1IW&edm=ALQROFkBAAAA&ccb=7-5&ig_cache_key=MzIzMDk0NzMxNTM3OTkyNDU4Mw%3D%3D.2-ccb7-5&oh=00_AfCJ3Jzec6Mq8twNhyNvYFhSkvk-cvimpbCS0xnUiHjvtQ&oe=655648FA&_nc_sid=fc8dfb,110 east 55th between Park and Lexington Aves,"110 east 55th between Park and Lexington Aves, New York, New York",40.7733428,-73.9600777,"40.7733428, -73.9600777",The Container Store .but make it stooping! In front of 110 east 55th between Park and Lexington Aves #stoopingnyc,"['The Container Store', 'but make it stooping', 'In front', '110 east 55th between Park and Lexington Aves', 'stoopingnyc']",New York City,"[(41.5327263, -81.6506828)]",3.894418773715009,[402.8100039040365],False,False
stoopingnyc,post,3230946755281157436,"Well this is a first‚Ä¶but also, look at how RELAXED that woman is?! Vanderbilt Ave btw Greene & Lafayette #stoopingbrooklyn",2023-11-07 17:41:29,"PostLocation(id=212950988, name='Brooklyn, New York', slug='brooklyn-new-york', has_public_page=True, lat=40.649973, lng=-73.949961)",https://www.instagram.com/p/CzWoPSku_08,GraphImage,1,stoopingbrooklyn,[],385,11,,https://scontent-lga3-1.cdninstagram.com/v/t51.2885-15/399908125_545051297815922_3468173814290790055_n.jpg?stp=dst-jpg_e35&efg=eyJ2ZW5jb2RlX3RhZyI6ImltYWdlX3VybGdlbi4xMDUzeDEzMTcuc2RyIn0&_nc_ht=scontent-lga3-1.cdninstagram.com&_nc_cat=102&_nc_ohc=79b7Fsp8EvUAX9zQwDL&edm=ALQROFkBAAAA&ccb=7-5&ig_cache_key=MzIzMDk0Njc1NTI4MTE1NzQzNg%3D%3D.2-ccb7-5&oh=00_AfCpdrwDAoaCs8-QWaRAStD6pGqShYOCpJ8Om6deJrn4Qw&oe=6556400A&_nc_sid=fc8dfb,,,,,"nan, nan","Well this is a first but also, look at how RELAXED that woman is?! Vanderbilt Ave btw Greene & Lafayette #stoopingbrooklyn","['Well this is a first but also', 'look', 'how RELAXED that woman is', 'Vanderbilt Ave btw Greene & Lafayette', 'stoopingbrooklyn']",Brooklyn,"[(30.2240897, -92.0198427)]",,[1243.5958131146072],False,False
stoopingnyc,post,3230946060804844640,Not to be dramatic‚Ä¶but I might DIE seeing how amazing this palm tree lamp is üíÄ. 514 west 25th street in front of Pace gallery #stoopingnyc,2023-11-07 17:40:06,"PostLocation(id=212988663, name='New York, New York', slug='new-york-new-york', has_public_page=True, lat=40.7142, lng=-74.0064)",https://www.instagram.com/p/CzWoFLyuGxg,GraphImage,1,stoopingnyc,[],551,8,,https://scontent-lga3-2.cdninstagram.com/v/t51.2885-15/399580723_3902870733296236_6140017318653770047_n.jpg?stp=dst-jpg_e35&efg=eyJ2ZW5jb2RlX3RhZyI6ImltYWdlX3VybGdlbi45Mzd4MTE3MS5zZHIifQ&_nc_ht=scontent-lga3-2.cdninstagram.com&_nc_cat=104&_nc_ohc=AnqXfX5y_X0AX_8jBZ9&edm=ALQROFkBAAAA&ccb=7-5&ig_cache_key=MzIzMDk0NjA2MDgwNDg0NDY0MA%3D%3D.2-ccb7-5&oh=00_AfC1h6NzVBPmhIScjKg3kIhIM612QL7uhTxDtGojsVhcgg&oe=6557059F&_nc_sid=fc8dfb,514 west 25th street in front of Pace gallery,"514 west 25th street in front of Pace gallery, New York, New York",40.7491929,-74.0041762,"40.7491929, -74.0041762",Not to be dramatic but I might DIE seeing how amazing this palm tree lamp is  . 514 west 25th street in front of Pace gallery #stoopingnyc,"['Not to be dramatic but I might DIE seeing how amazing this palm tree lamp is', '514 west 25th street in front', 'Pace gallery', 'stoopingnyc']",New York City,"[(40.7491929, -74.0041762), (40.761862, -73.972082)]",1.5577331228136893,"[1.5577331228136893, 2.8861073843580503]",False,False
stoopingnyc,post,3230875307258552065,"Been there, done that. president and franklin #stoopingbrooklyn",2023-11-07 15:19:31,"PostLocation(id=212950988, name='Brooklyn, New York', slug='brooklyn-new-york', has_public_page=True, lat=40.649973, lng=-73.949961)",https://www.instagram.com/p/CzWX_lauh8B,GraphImage,1,stoopingbrooklyn,[],602,11,,https://scontent-lga3-2.cdninstagram.com/v/t51.2885-15/399273414_329163033061925_331172130974648065_n.jpg?stp=dst-jpg_e35&efg=eyJ2ZW5jb2RlX3RhZyI6ImltYWdlX3VybGdlbi43MzB4NzQxLnNkciJ9&_nc_ht=scontent-lga3-2.cdninstagram.com&_nc_cat=105&_nc_ohc=HxkwkMlst7EAX9d8PZw&edm=ALQROFkBAAAA&ccb=7-5&ig_cache_key=MzIzMDg3NTMwNzI1ODU1MjA2NQ%3D%3D.2-ccb7-5&oh=00_AfDHy0BLD4DMm9xeSUdwM2ggsDJPQEcJYvPnLd7YzX4LIw&oe=6557A82A&_nc_sid=fc8dfb,,,,,"nan, nan","Been there, done that. president and franklin #stoopingbrooklyn","['Been there', 'done that', 'president and franklin', 'stoopingbrooklyn']",Brooklyn,[],,[],False,False
stoopingnyc,post,3230858164357948338,No need to worry about alternate side parking with this little guy! on 3rd st btw 8th and 9th Ave #stoopingbrooklyn,2023-11-07 14:45:28,,https://www.instagram.com/p/CzWUGH2OeOy,GraphImage,1,stoopingbrooklyn,[],381,6,,https://scontent-lga3-2.cdninstagram.com/v/t51.2885-15/399612277_3468334413390489_3374078966119516465_n.jpg?stp=dst-jpg_e35&efg=eyJ2ZW5jb2RlX3RhZyI6ImltYWdlX3VybGdlbi44OTl4MTEyNC5zZHIifQ&_nc_ht=scontent-lga3-2.cdninstagram.com&_nc_cat=109&_nc_ohc=fTlAUt6x9CgAX84x0sO&edm=ALQROFkBAAAA&ccb=7-5&ig_cache_key=MzIzMDg1ODE2NDM1Nzk0ODMzOA%3D%3D.2-ccb7-5&oh=00_AfBHnCi2V-5rKRnLmLVRiPfiUGBe-bGnIzE8Q_T6veltcA&oe=6556CDEE&_nc_sid=fc8dfb,,,,,"nan, nan",No need to worry about alternate side parking with this little guy! on 3rd st btw 8th and 9th Ave #stoopingbrooklyn,"['No need to worry about alternate side parking with this little guy', 'on 3rd st btw 8th and 9th Ave', 'stoopingbrooklyn']",Brooklyn,"[(40.7692123, -73.9847724)]",,[3.0679295607409864],False,False
stoopingnyc,post,3230487880463070658,‚ÄòEllo there. Off of 12th St. and Broadway in Manhattan. #stooping,2023-11-07 02:29:46,"PostLocation(id=212988663, name='New York, New York', slug='new-york-new-york', has_public_page=True, lat=40.7142, lng=-74.0064)",https://www.instagram.com/p/CzU_5yGNLXC,GraphImage,1,stooping,[],6690,145,,https://scontent-lga3-2.cdninstagram.com/v/t51.2885-15/399866568_716267510362828_3779453033036710685_n.jpg?stp=dst-jpg_e35&efg=eyJ2ZW5jb2RlX3RhZyI6ImltYWdlX3VybGdlbi4xNDQweDE4MDAuc2RyIn0&_nc_ht=scontent-lga3-2.cdninstagram.com&_nc_cat=104&_nc_ohc=BK7GeQA_IWsAX-gYA8T&edm=ALQROFkBAAAA&ccb=7-5&ig_cache_key=MzIzMDQ4Nzg4MDQ2MzA3MDY1OA%3D%3D.2-ccb7-5&oh=00_AfDFu3B5cbZjmUc6aI85lOiX5R1fiqpznHJQsWEMbq2xfg&oe=6556A24E&_nc_sid=fc8dfb,,,,,"nan, nan", Ello there. Off of 12th st and Broadway in Manhattan. #stooping,"[' Ello there', 'Off', '12th st and Broadway in Manhattan', 'stooping']",New York City,"[(32.71829460000001, -117.1571291), (40.7332244, -73.9911138)]",,"[2432.7959808007668, 0.721373804975605]",False,True
stoopingnyc,post,3230315885142559137,Stooper staple ‚úÖ Bushwick and Ainslie Williamsburg #stoopingbrooklyn,2023-11-06 20:48:03,,https://www.instagram.com/p/CzUYy6-OUmh,GraphImage,1,stoopingbrooklyn,[],227,1,,https://scontent-lga3-1.cdninstagram.com/v/t51.2885-15/398938860_173184142531532_5462539777417597498_n.jpg?stp=dst-jpg_e35&efg=eyJ2ZW5jb2RlX3RhZyI6ImltYWdlX3VybGdlbi4xMDUzeDEzMTcuc2RyIn0&_nc_ht=scontent-lga3-1.cdninstagram.com&_nc_cat=108&_nc_ohc=E5Ul0RfliuIAX-c4NHc&edm=ALQROFkBAAAA&ccb=7-5&ig_cache_key=MzIzMDMxNTg4NTE0MjU1OTEzNw%3D%3D.2-ccb7-5&oh=00_AfDgNZPtKJl3RfUh3jqe9Wkdud-Of-3yrlBLmRbmjhmmAQ&oe=6556FA1E&_nc_sid=fc8dfb,,,,,"nan, nan",Stooper staple   Bushwick and Ainslie Williamsburg #stoopingbrooklyn,"['Stooper staple', 'Bushwick and Ainslie Williamsburg', 'stoopingbrooklyn']",Brooklyn,"[(40.7124253, -73.95204249999999)]",,[2.793430822693478],False,False
stoopingnyc,post,3230097182673219369,Cuuuuute Outside of 139-44 Pershing crescent in Briarwood #stoopingqueens,2023-11-06 13:33:32,"PostLocation(id=213104390, name='Queens, New York', slug='queens-new-york', has_public_page=True, lat=40.703545, lng=-73.921122)",https://www.instagram.com/p/CzTnEYbOi8p,GraphImage,1,stoopingqueens,[],460,7,,https://scontent-lga3-1.cdninstagram.com/v/t51.2885-15/399545868_1538074127019102_1138308317407676170_n.jpg?stp=dst-jpg_e35&efg=eyJ2ZW5jb2RlX3RhZyI6ImltYWdlX3VybGdlbi4xMzIzeDE0ODMuc2RyIn0&_nc_ht=scontent-lga3-1.cdninstagram.com&_nc_cat=106&_nc_ohc=mmwbmNDNMEUAX_FJXzX&edm=ALQROFkBAAAA&ccb=7-5&ig_cache_key=MzIzMDA5NzE4MjY3MzIxOTM2OQ%3D%3D.2-ccb7-5&oh=00_AfDeSu4Ukehaf8AG23jMcITW-q8dRkXgUVmdRbw-4n9byg&oe=6556F6C7&_nc_sid=fc8dfb,44 Pershing crescent in Briarwood,"44 Pershing crescent in Briarwood, New York, New York",40.7118826,-73.8158961,"40.7118826, -73.8158961",Cuuuuute Outside of 139 44 Pershing crescent in Briarwood #stoopingqueens,"['Cuuuuute Outside', '139 44 Pershing crescent in Briarwood', 'stoopingqueens']",Queens,"[(40.7118826, -73.8158961)]",9.815376452481505,[9.815376452481505],False,False
